SourceSystem,FinanceTableOrder,FinanceSchemaName,FinanceTableName,ActionKey,ActionStepKey,FieldKey,FieldName,PHC_Enabled,Enabled,PrimaryKey,FieldType,FieldLength,FieldPrecision,FieldScale,DsnFieldName,Nullable,Default,FormatConvert,CompKey
BHG_DR,1,pats,tbl_Bills,1,3,1,@SiteCode,1,1,1,nvarchar,50,0,0,SiteCode,0,@SiteCode,NULL,1-3-001
BHG_DR,1,pats,tbl_Bills,1,3,2,billID,1,1,2,int,4,10,0,billID,0,NULL,NULL,1-3-002
BHG_DR,1,pats,tbl_Bills,1,3,3,billCLTID,1,1,NULL,int,4,10,0,billCLTID,1,NULL,NULL,1-3-003
BHG_DR,1,pats,tbl_Bills,1,3,4,billGuestID,1,1,NULL,int,4,10,0,billGuestID,1,NULL,NULL,1-3-004
BHG_DR,1,pats,tbl_Bills,1,3,5,billDate,1,1,NULL,datetime,8,23,3,billDate,1,NULL,NULL,1-3-005
BHG_DR,1,pats,tbl_Bills,1,3,6,billBILL,1,1,NULL,money,8,19,4,billBILL,1,NULL,NULL,1-3-006
BHG_DR,1,pats,tbl_Bills,1,3,7,billPAY,1,1,NULL,money,8,19,4,billPAY,1,NULL,NULL,1-3-007
BHG_DR,1,pats,tbl_Bills,1,3,8,billPAYTYPE,1,1,NULL,varchar,50,0,0,billPAYTYPE,1,NULL,NULL,1-3-008
BHG_DR,1,pats,tbl_Bills,1,3,9,BillAdjust,1,1,NULL,money,8,19,4,BillAdjust,1,NULL,NULL,1-3-009
BHG_DR,1,pats,tbl_Bills,1,3,10,billReason,1,1,NULL,varchar,500,0,0,billReason,1,NULL,NULL,1-3-010
BHG_DR,1,pats,tbl_Bills,1,3,11,billReceiptNum,1,1,NULL,int,4,10,0,billReceiptNum,1,NULL,NULL,1-3-011
BHG_DR,1,pats,tbl_Bills,1,3,12,strUser,1,1,NULL,varchar,50,0,0,strUser,1,NULL,NULL,1-3-012
BHG_DR,1,pats,tbl_Bills,1,3,13,blnDeposit,1,1,NULL,bit,1,1,0,blnDeposit,0,NULL,NULL,1-3-013
BHG_DR,1,pats,tbl_Bills,1,3,14,dtDeposit,1,1,NULL,datetime,8,23,3,dtDeposit,1,NULL,NULL,1-3-014
BHG_DR,1,pats,tbl_Bills,1,3,15,billADJUSTID,1,1,NULL,int,4,10,0,billADJUSTID,1,NULL,NULL,1-3-015
BHG_DR,1,pats,tbl_Bills,1,3,16,FIFOallocated,1,1,NULL,bit,1,1,0,FIFOallocated,1,NULL,NULL,1-3-016
BHG_DR,1,pats,tbl_Bills,1,3,17,FIFObalance,1,1,NULL,money,8,19,4,FIFObalance,1,NULL,NULL,1-3-017
BHG_DR,1,pats,tbl_Bills,1,3,18,Costcenter,1,1,NULL,varchar,50,0,0,Costcenter,1,NULL,NULL,1-3-018
BHG_DR,1,pats,tbl_Bills,1,3,19,BillAptID,1,1,NULL,int,4,10,0,BillAptID,1,NULL,NULL,1-3-019
BHG_DR,1,pats,tbl_Bills,1,3,20,billORGdt,1,1,NULL,date,3,10,0,billORGdt,1,NULL,NULL,1-3-020
BHG_DR,1,pats,tbl_Bills,1,3,21,BillServID,1,1,NULL,int,4,10,0,BillServID,1,NULL,NULL,1-3-021
BHG_DR,1,pats,tbl_Bills,1,3,22,BillSiteID,1,1,NULL,int,4,10,0,BillSiteID,1,NULL,NULL,1-3-022
BHG_DR,2,pats,tbl_pbi3PayAuth,1,12,1,@SiteCode,1,1,1,varchar,50,0,0,SiteCode,0,NULL,NULL,1-12-001
BHG_DR,2,pats,tbl_pbi3PayAuth,1,12,2,tpaID,1,1,2,int,4,10,0,tpaID,0,NULL,NULL,1-12-002
BHG_DR,2,pats,tbl_pbi3PayAuth,1,12,3,tpEFFDate,1,1,NULL,date,3,10,0,tpEFFDate,0,NULL,NULL,1-12-003
BHG_DR,2,pats,tbl_pbi3PayAuth,1,12,4,tpaCLTID,1,1,NULL,int,4,10,0,tpaCLTID,1,NULL,NULL,1-12-004
BHG_DR,2,pats,tbl_pbi3PayAuth,1,12,5,tpaPayer,1,1,NULL,nvarchar,200,0,0,tpaPayer,1,NULL,NULL,1-12-005
BHG_DR,2,pats,tbl_pbi3PayAuth,1,12,6,tpaDESC,1,1,NULL,ntext,16,0,0,tpaDESC,1,NULL,NULL,1-12-006
BHG_DR,2,pats,tbl_pbi3PayAuth,1,12,7,tpaEffDATE,1,1,NULL,datetime,8,23,3,tpaEffDATE,1,NULL,NULL,1-12-007
BHG_DR,2,pats,tbl_pbi3PayAuth,1,12,8,tpaTermDATE,1,1,NULL,datetime,8,23,3,tpaTermDATE,1,NULL,NULL,1-12-008
BHG_DR,2,pats,tbl_pbi3PayAuth,1,12,9,tpaSTAFF,1,1,NULL,nvarchar,100,0,0,tpaSTAFF,1,NULL,NULL,1-12-009
BHG_DR,2,pats,tbl_pbi3PayAuth,1,12,10,tpadt,1,1,NULL,datetime,8,23,3,tpadt,1,NULL,NULL,1-12-010
BHG_DR,2,pats,tbl_pbi3PayAuth,1,12,11,tpaAuthCode,1,1,NULL,varchar,100,0,0,tpaAuthCode,1,NULL,NULL,1-12-011
BHG_DR,2,pats,tbl_pbi3PayAuth,1,12,12,tpAUTHPATH,1,1,NULL,varchar,250,0,0,tpAUTHPATH,1,NULL,NULL,1-12-012
BHG_DR,2,pats,tbl_pbi3PayAuth,1,12,13,tpCONFIRMPath,1,1,NULL,varchar,250,0,0,tpCONFIRMPath,1,NULL,NULL,1-12-013
BHG_DR,2,pats,tbl_pbi3PayAuth,1,12,14,TpFail,1,1,NULL,varchar,100,0,0,TpFail,1,NULL,NULL,1-12-014
BHG_DR,2,pats,tbl_pbi3PayAuth,1,12,15,tpRequestForm,1,1,NULL,varchar,250,0,0,tpRequestForm,1,NULL,NULL,1-12-015
BHG_DR,2,pats,tbl_pbi3PayAuth,1,12,16,tpResponseForm,1,1,NULL,varchar,250,0,0,tpResponseForm,1,NULL,NULL,1-12-016
BHG_DR,2,pats,tbl_pbi3PayAuth,1,12,17,tpServ,1,1,NULL,varchar,100,0,0,tpServ,1,NULL,NULL,1-12-017
BHG_DR,2,pats,tbl_pbi3PayAuth,1,12,18,tpTermDate,1,1,NULL,date,3,10,0,tpTermDate,1,NULL,NULL,1-12-018
BHG_DR,2,pats,tbl_pbi3PayAuth,1,12,19,tpUNITS,1,1,NULL,int,4,10,0,tpUNITS,1,NULL,NULL,1-12-019
BHG_DR,2,pats,tbl_pbi3PayAuth,1,12,20,tpSERVAPPROVED,1,1,NULL,varchar,100,0,0,tpSERVAPPROVED,1,NULL,NULL,1-12-020
BHG_DR,2,pats,tbl_pbi3PayAuth,1,12,21,tpNOTE,1,1,NULL,varchar,-1,0,0,tpNOTE,1,NULL,NULL,1-12-021
BHG_DR,2,pats,tbl_pbi3PayAuth,1,12,22,tpTYPE,1,1,NULL,varchar,50,0,0,tpTYPE,1,NULL,NULL,1-12-022
BHG_DR,2,pats,tbl_pbi3PayAuth,1,12,23,tpaCompKey,0,0,NULL,varchar,50,0,0,tpaCompKey,1,NULL,NULL,1-12-023
BHG_DR,2,pats,tbl_pbi3PayAuth,1,12,24,tpaBigKey,0,0,NULL,varchar,50,0,0,tpaBigKey,1,NULL,NULL,1-12-024
BHG_DR,2,pats,tbl_pbi3PayAuth,1,12,25,ProgGroup,0,0,NULL,varchar,50,0,0,ProgGroup,1,NULL,NULL,1-12-025
BHG_DR,2,pats,tbl_pbi3PayAuth,1,12,26,PayerGroup,0,0,NULL,varchar,50,0,0,PayerGroup,1,NULL,NULL,1-12-026
BHG_DR,2,pats,tbl_pbi3PayAuth,1,12,27,PayerType,0,0,NULL,varchar,50,0,0,PayerType,1,NULL,NULL,1-12-027
BHG_DR,2,pats,tbl_pbi3PayAuth,1,12,28,LastModAt,0,0,NULL,datetime,8,23,3,LastModAt,1,NULL,NULL,1-12-028
BHG_DR,2,pats,tbl_pbi3PayAuth,1,12,29,RowChkSum,0,0,NULL,int,4,10,0,RowChkSum,1,NULL,NULL,1-12-029
BHG_DR,2,pats,tbl_pbi3PayAuth,1,12,30,RowState,0,0,NULL,bit,1,1,0,RowState,1,NULL,NULL,1-12-030
BHG_DR,3,pats,tbl_vw3pBillSub,1,27,1,@SiteCode,1,1,1,varchar,25,0,0,SiteCode,0,NULL,NULL,1-27-001
BHG_DR,3,pats,tbl_vw3pBillSub,1,27,2,descript,1,1,NULL,varchar,17,0,0,descript,0,NULL,NULL,1-27-002
BHG_DR,3,pats,tbl_vw3pBillSub,1,27,3,billdatecriteria,1,1,NULL,datetime,8,23,3,billdatecriteria,1,NULL,NULL,1-27-003
BHG_DR,3,pats,tbl_vw3pBillSub,1,27,4,payDEFAULTSUBMIT,1,1,NULL,varchar,50,0,0,payDEFAULTSUBMIT,1,NULL,NULL,1-27-004
BHG_DR,3,pats,tbl_vw3pBillSub,1,27,5,ScrubError,1,1,NULL,varchar,14,0,0,ScrubError,0,NULL,NULL,1-27-005
BHG_DR,3,pats,tbl_vw3pBillSub,1,27,6,dsID,1,1,2,int,4,10,0,dsID,0,NULL,NULL,1-27-006
BHG_DR,3,pats,tbl_vw3pBillSub,1,27,7,dsClt,1,1,NULL,int,4,10,0,dsClt,1,NULL,NULL,1-27-007
BHG_DR,3,pats,tbl_vw3pBillSub,1,27,8,dsTxtSrv,1,1,NULL,nvarchar,200,0,0,dsTxtSrv,1,NULL,NULL,1-27-008
BHG_DR,3,pats,tbl_vw3pBillSub,1,27,9,dsDtStart,1,1,NULL,datetime,8,23,3,dsDtStart,1,NULL,NULL,1-27-009
BHG_DR,3,pats,tbl_vw3pBillSub,1,27,10,dsDtEnd,1,1,NULL,datetime,8,23,3,dsDtEnd,1,NULL,NULL,1-27-010
BHG_DR,3,pats,tbl_vw3pBillSub,1,27,11,dsTxtType,1,1,NULL,nvarchar,100,0,0,dsTxtType,1,NULL,NULL,1-27-011
BHG_DR,3,pats,tbl_vw3pBillSub,1,27,12,dsdblUnits,1,1,NULL,float,8,53,0,dsdblUnits,1,NULL,NULL,1-27-012
BHG_DR,3,pats,tbl_vw3pBillSub,1,27,13,billUnits,1,1,NULL,float,8,53,0,billUnits,1,NULL,NULL,1-27-013
BHG_DR,3,pats,tbl_vw3pBillSub,1,27,14,dstxtStaff,1,1,NULL,nvarchar,200,0,0,dstxtStaff,1,NULL,NULL,1-27-014
BHG_DR,3,pats,tbl_vw3pBillSub,1,27,15,npi,1,1,NULL,varchar,50,0,0,npi,1,NULL,NULL,1-27-015
BHG_DR,3,pats,tbl_vw3pBillSub,1,27,16,DSbilled,1,1,NULL,datetime,8,23,3,DSbilled,1,NULL,NULL,1-27-016
BHG_DR,3,pats,tbl_vw3pBillSub,1,27,17,pyPAYERID,1,1,NULL,varchar,75,0,0,pyPAYERID,1,NULL,NULL,1-27-017
BHG_DR,3,pats,tbl_vw3pBillSub,1,27,18,pySUBSID,1,1,NULL,varchar,50,0,0,pySUBSID,1,NULL,NULL,1-27-018
BHG_DR,3,pats,tbl_vw3pBillSub,1,27,19,pyGROUP,1,1,NULL,varchar,50,0,0,pyGROUP,1,NULL,NULL,1-27-019
BHG_DR,3,pats,tbl_vw3pBillSub,1,27,20,CPTCODE,1,1,NULL,varchar,50,0,0,CPTCODE,1,NULL,NULL,1-27-020
BHG_DR,3,pats,tbl_vw3pBillSub,1,27,21,charge,1,1,NULL,float,8,53,0,charge,1,NULL,NULL,1-27-021
BHG_DR,3,pats,tbl_vw3pBillSub,1,27,22,tpaAuthCode,1,1,NULL,varchar,100,0,0,tpaAuthCode,0,NULL,NULL,1-27-022
BHG_DR,3,pats,tbl_vw3pBillSub,1,27,23,clientname,1,1,NULL,varchar,152,0,0,clientname,1,NULL,NULL,1-27-023
BHG_DR,3,pats,tbl_vw3pBillSub,1,27,24,cltDOB,1,1,NULL,datetime,8,23,3,cltDOB,1,NULL,NULL,1-27-024
BHG_DR,3,pats,tbl_vw3pBillSub,1,27,25,cltGender,1,1,NULL,varchar,50,0,0,cltGender,1,NULL,NULL,1-27-025
BHG_DR,3,pats,tbl_vw3pBillSub,1,27,26,cltADD1,1,1,NULL,varchar,50,0,0,cltADD1,1,NULL,NULL,1-27-026
BHG_DR,3,pats,tbl_vw3pBillSub,1,27,27,cltCity,1,1,NULL,varchar,50,0,0,cltCity,1,NULL,NULL,1-27-027
BHG_DR,3,pats,tbl_vw3pBillSub,1,27,28,cltState,1,1,NULL,varchar,50,0,0,cltState,1,NULL,NULL,1-27-028
BHG_DR,3,pats,tbl_vw3pBillSub,1,27,29,cltzip,1,1,NULL,varchar,50,0,0,cltzip,1,NULL,NULL,1-27-029
BHG_DR,3,pats,tbl_vw3pBillSub,1,27,30,cltPhone,1,1,NULL,varchar,50,0,0,cltPhone,1,NULL,NULL,1-27-030
BHG_DR,3,pats,tbl_vw3pBillSub,1,27,31,cltMARRY,1,1,NULL,varchar,50,0,0,cltMARRY,1,NULL,NULL,1-27-031
BHG_DR,3,pats,tbl_vw3pBillSub,1,27,32,cltM4ID,1,1,NULL,varchar,50,0,0,cltM4ID,1,NULL,NULL,1-27-032
BHG_DR,3,pats,tbl_vw3pBillSub,1,27,33,dsdiag,1,1,NULL,varchar,5,0,0,dsdiag,0,NULL,NULL,1-27-033
BHG_DR,3,pats,tbl_vw3pBillSub,1,27,34,Modifier,1,1,NULL,varchar,50,0,0,Modifier,1,NULL,NULL,1-27-034
BHG_DR,3,pats,tbl_vw3pBillSub,1,27,35,dsPOS,1,1,NULL,varchar,50,0,0,dsPOS,1,NULL,NULL,1-27-035
BHG_DR,3,pats,tbl_vw3pBillSub,1,27,36,NDC,1,1,NULL,varchar,50,0,0,NDC,1,NULL,NULL,1-27-036
BHG_DR,3,pats,tbl_vw3pBillSub,1,27,37,MG,1,1,NULL,float,8,53,0,MG,1,NULL,NULL,1-27-037
BHG_DR,3,pats,tbl_vw3pBillSub,1,27,38,SiteID,1,1,NULL,int,4,10,0,SiteID,1,NULL,NULL,1-27-038
BHG_DR,3,pats,tbl_vw3pBillSub,1,27,39,dsarea,1,1,NULL,varchar,100,0,0,dsarea,1,NULL,NULL,1-27-039
BHG_DR,3,pats,tbl_vw3pBillSub,1,27,40,payclass,1,1,NULL,varchar,50,0,0,payclass,1,NULL,NULL,1-27-040
BHG_DR,4,pats,tbl_Fmp,1,33,1,@SiteCode,0,1,1,varchar,25,0,0,SiteCode,0,NULL,NULL,1-33-001
BHG_DR,4,pats,tbl_Fmp,1,33,2,fmpID,0,1,2,int,4,10,0,fmpID,0,NULL,NULL,1-33-002
BHG_DR,4,pats,tbl_Fmp,1,33,3,fmpLngClt,0,1,NULL,int,4,10,0,fmpLngClt,1,NULL,NULL,1-33-003
BHG_DR,4,pats,tbl_Fmp,1,33,4,fmpDtStart,0,1,NULL,datetime,8,23,3,fmpDtStart,1,NULL,NULL,1-33-004
BHG_DR,4,pats,tbl_Fmp,1,33,5,fmpDtProjEnd,0,1,NULL,datetime,8,23,3,fmpDtProjEnd,1,NULL,NULL,1-33-005
BHG_DR,4,pats,tbl_Fmp,1,33,6,fmpDtEnd,0,1,NULL,datetime,8,23,3,fmpDtEnd,1,NULL,NULL,1-33-006
BHG_DR,4,pats,tbl_Fmp,1,33,7,fmpIntRate,0,1,NULL,int,4,10,0,fmpIntRate,1,NULL,NULL,1-33-007
BHG_DR,4,pats,tbl_Fmp,1,33,8,fmpStrReason,0,1,NULL,varchar,100,0,0,fmpStrReason,1,NULL,NULL,1-33-008
BHG_DR,4,pats,tbl_Fmp,1,33,9,fmpStrDesc,0,1,NULL,varchar,250,0,0,fmpStrDesc,1,NULL,NULL,1-33-009
BHG_DR,4,pats,tbl_Fmp,1,33,10,fmpDtAdded,0,1,NULL,datetime,8,23,3,fmpDtAdded,1,NULL,NULL,1-33-010
BHG_DR,4,pats,tbl_Fmp,1,33,11,fmpStrUserAdded,0,1,NULL,varchar,100,0,0,fmpStrUserAdded,1,NULL,NULL,1-33-011
BHG_DR,4,pats,tbl_Fmp,1,33,12,fmpDtEnded,0,1,NULL,datetime,8,23,3,fmpDtEnded,1,NULL,NULL,1-33-012
BHG_DR,4,pats,tbl_Fmp,1,33,13,fmpStrUserEnded,0,1,NULL,varchar,100,0,0,fmpStrUserEnded,1,NULL,NULL,1-33-013
BHG_DR,4,pats,tbl_Fmp,1,33,14,fmPENDTEXT,0,1,NULL,varchar,100,0,0,fmPENDTEXT,1,NULL,NULL,1-33-014
BHG_DR,4,pats,tbl_Fmp,1,33,15,atriskTYPE,0,1,NULL,varchar,100,0,0,atriskTYPE,1,NULL,NULL,1-33-015
BHG_DR,4,pats,tbl_Fmp,1,33,16,RowState,0,0,NULL,bit,1,1,0,RowState,1,NULL,NULL,1-33-016
BHG_DR,4,pats,tbl_Fmp,1,33,17,LastModAt,0,0,NULL,datetime,8,23,3,LastModAt,1,NULL,NULL,1-33-017
BHG_DR,5,pats,tbl_PayerCltHistory,1,29,1,@SiteCode,0,1,1,varchar,25,0,0,SiteCode,0,NULL,NULL,1-29-001
BHG_DR,5,pats,tbl_PayerCltHistory,1,29,2,pchID,0,1,2,int,4,10,0,pchID,0,NULL,NULL,1-29-002
BHG_DR,5,pats,tbl_PayerCltHistory,1,29,3,pyID,0,1,NULL,int,4,10,0,pyID,1,NULL,NULL,1-29-003
BHG_DR,5,pats,tbl_PayerCltHistory,1,29,4,pyChange,0,1,NULL,varchar,100,0,0,pyChange,1,NULL,NULL,1-29-004
BHG_DR,5,pats,tbl_PayerCltHistory,1,29,5,pyDtm,0,1,NULL,datetime,8,23,3,pyDtm,1,NULL,NULL,1-29-005
BHG_DR,5,pats,tbl_PayerCltHistory,1,29,6,pyUser,0,1,NULL,varchar,100,0,0,pyUser,1,NULL,NULL,1-29-006
BHG_DR,5,pats,tbl_PayerCltHistory,1,29,7,pyNote,0,1,NULL,varchar,8000,0,0,pyNote,1,NULL,NULL,1-29-007
BHG_DR,6,pats,tbl_FinancialHardshipApplication,1,64,1,@SiteCode,0,1,1,varchar,25,0,0,SiteCode,0,NULL,NULL,1-64-001
BHG_DR,6,pats,tbl_FinancialHardshipApplication,1,64,5,Id,0,1,2,int,4,10,0,Id,0,NULL,NULL,1-64-005
BHG_DR,6,pats,tbl_FinancialHardshipApplication,1,64,6,DataFormId,0,1,NULL,int,4,10,0,DataFormId,1,NULL,NULL,1-64-006
BHG_DR,6,pats,tbl_FinancialHardshipApplication,1,64,7,PreAdmissionId,0,1,NULL,int,4,10,0,PreAdmissionId,1,NULL,NULL,1-64-007
BHG_DR,6,pats,tbl_FinancialHardshipApplication,1,64,8,cltId,0,1,NULL,int,4,10,0,cltId,1,NULL,NULL,1-64-008
BHG_DR,6,pats,tbl_FinancialHardshipApplication,1,64,9,CreatedOn,0,1,NULL,datetime,8,23,3,CreatedOn,1,NULL,NULL,1-64-009
BHG_DR,6,pats,tbl_FinancialHardshipApplication,1,64,10,CreatedBy,0,1,NULL,nvarchar,100,0,0,CreatedBy,1,NULL,NULL,1-64-010
BHG_DR,6,pats,tbl_FinancialHardshipApplication,1,64,11,ModifiedOn,0,1,NULL,datetime,8,23,3,ModifiedOn,1,NULL,NULL,1-64-011
BHG_DR,6,pats,tbl_FinancialHardshipApplication,1,64,12,ModifiedBy,0,1,NULL,nvarchar,100,0,0,ModifiedBy,1,NULL,NULL,1-64-012
BHG_DR,6,pats,tbl_FinancialHardshipApplication,1,64,13,IsDeleted,0,1,NULL,bit,1,1,0,IsDeleted,1,NULL,NULL,1-64-013
BHG_DR,6,pats,tbl_FinancialHardshipApplication,1,64,14,IsIdentification,0,1,NULL,bit,1,1,0,IsIdentification,1,NULL,NULL,1-64-014
BHG_DR,6,pats,tbl_FinancialHardshipApplication,1,64,15,IsIncome,0,1,NULL,bit,1,1,0,IsIncome,1,NULL,NULL,1-64-015
BHG_DR,6,pats,tbl_FinancialHardshipApplication,1,64,16,txtIncomeIdentification,0,1,NULL,nvarchar,-1,0,0,txtIncomeIdentification,1,NULL,NULL,1-64-016
BHG_DR,6,pats,tbl_FinancialHardshipApplication,1,64,17,FHAPatientSignature,0,1,NULL,nvarchar,-1,0,0,FHAPatientSignature,1,NULL,NULL,1-64-017
BHG_DR,6,pats,tbl_FinancialHardshipApplication,1,64,18,FHAPatientSignatureDate,0,1,NULL,datetime,8,23,3,FHAPatientSignatureDate,1,NULL,NULL,1-64-018
BHG_DR,6,pats,tbl_FinancialHardshipApplication,1,64,19,FHAPatientSignatureBy,0,1,NULL,nvarchar,100,0,0,FHAPatientSignatureBy,1,NULL,NULL,1-64-019
BHG_DR,6,pats,tbl_FinancialHardshipApplication,1,64,20,txtAnnualHouseholdIncome,0,1,NULL,nvarchar,100,0,0,txtAnnualHouseholdIncome,1,NULL,NULL,1-64-020
BHG_DR,6,pats,tbl_FinancialHardshipApplication,1,64,21,EmergencyName,0,1,NULL,nvarchar,100,0,0,EmergencyName,1,NULL,NULL,1-64-021
BHG_DR,6,pats,tbl_FinancialHardshipApplication,1,64,22,EmergencyRelation,0,1,NULL,nvarchar,100,0,0,EmergencyRelation,1,NULL,NULL,1-64-022
BHG_DR,6,pats,tbl_FinancialHardshipApplication,1,64,23,EmergencyPhone,0,1,NULL,nvarchar,100,0,0,EmergencyPhone,1,NULL,NULL,1-64-023
BHG_DR,6,pats,tbl_FinancialHardshipApplication,1,64,24,txtAUIGross1,0,1,NULL,float,8,53,0,txtAUIGross1,1,NULL,NULL,1-64-024
BHG_DR,6,pats,tbl_FinancialHardshipApplication,1,64,25,txtAUIGross2,0,1,NULL,float,8,53,0,txtAUIGross2,1,NULL,NULL,1-64-025
BHG_DR,6,pats,tbl_FinancialHardshipApplication,1,64,26,txtAUIGross3,0,1,NULL,float,8,53,0,txtAUIGross3,1,NULL,NULL,1-64-026
BHG_DR,6,pats,tbl_FinancialHardshipApplication,1,64,27,txtAUISocial1,0,1,NULL,float,8,53,0,txtAUISocial1,1,NULL,NULL,1-64-027
BHG_DR,6,pats,tbl_FinancialHardshipApplication,1,64,28,txtAUISocial2,0,1,NULL,float,8,53,0,txtAUISocial2,1,NULL,NULL,1-64-028
BHG_DR,6,pats,tbl_FinancialHardshipApplication,1,64,29,txtAUISocial3,0,1,NULL,float,8,53,0,txtAUISocial3,1,NULL,NULL,1-64-029
BHG_DR,6,pats,tbl_FinancialHardshipApplication,1,64,30,txtAUIAlimony1,0,1,NULL,float,8,53,0,txtAUIAlimony1,1,NULL,NULL,1-64-030
BHG_DR,6,pats,tbl_FinancialHardshipApplication,1,64,31,txtAUIAlimony2,0,1,NULL,float,8,53,0,txtAUIAlimony2,1,NULL,NULL,1-64-031
BHG_DR,6,pats,tbl_FinancialHardshipApplication,1,64,32,txtAUIAlimony3,0,1,NULL,float,8,53,0,txtAUIAlimony3,1,NULL,NULL,1-64-032
BHG_DR,6,pats,tbl_FinancialHardshipApplication,1,64,33,txtAUISelf1,0,1,NULL,float,8,53,0,txtAUISelf1,1,NULL,NULL,1-64-033
BHG_DR,6,pats,tbl_FinancialHardshipApplication,1,64,34,txtAUISelf2,0,1,NULL,float,8,53,0,txtAUISelf2,1,NULL,NULL,1-64-034
BHG_DR,6,pats,tbl_FinancialHardshipApplication,1,64,35,txtAUISelf3,0,1,NULL,float,8,53,0,txtAUISelf3,1,NULL,NULL,1-64-035
BHG_DR,6,pats,tbl_FinancialHardshipApplication,1,64,36,txtAUIRent1,0,1,NULL,float,8,53,0,txtAUIRent1,1,NULL,NULL,1-64-036
BHG_DR,6,pats,tbl_FinancialHardshipApplication,1,64,37,txtAUIRent2,0,1,NULL,float,8,53,0,txtAUIRent2,1,NULL,NULL,1-64-037
BHG_DR,6,pats,tbl_FinancialHardshipApplication,1,64,38,txtAUIRent3,0,1,NULL,float,8,53,0,txtAUIRent3,1,NULL,NULL,1-64-038
BHG_DR,6,pats,tbl_FinancialHardshipApplication,1,64,39,Version,0,1,NULL,nvarchar,50,0,0,Version,1,NULL,NULL,1-64-039
BHG_DR,6,pats,tbl_FinancialHardshipApplication,1,64,40,IscurrentlyUninsured,0,1,NULL,bit,1,1,0,IscurrentlyUninsured,1,NULL,NULL,1-64-040
BHG_DR,6,pats,tbl_FinancialHardshipApplication,1,64,41,StatusofApplication,0,1,NULL,nvarchar,-1,0,0,StatusofApplication,1,NULL,NULL,1-64-041
BHG_DR,6,pats,tbl_FinancialHardshipApplication,1,64,42,Facts,0,1,NULL,nvarchar,-1,0,0,Facts,1,NULL,NULL,1-64-042
BHG_DR,6,pats,tbl_FinancialHardshipApplication,1,64,43,PayClassApproved,0,1,NULL,nvarchar,-1,0,0,PayClassApproved,1,NULL,NULL,1-64-043
BHG_DR,6,pats,tbl_FinancialHardshipApplication,1,64,44,ApprovedBy,0,1,NULL,nvarchar,-1,0,0,ApprovedBy,1,NULL,NULL,1-64-044
BHG_DR,6,pats,tbl_FinancialHardshipApplication,1,64,45,EffectiveDate,0,1,NULL,datetime,8,23,3,EffectiveDate,1,NULL,NULL,1-64-045
BHG_DR,6,pats,tbl_FinancialHardshipApplication,1,64,46,ExpirationDate,0,1,NULL,datetime,8,23,3,ExpirationDate,1,NULL,NULL,1-64-046
BHG_DR,7,pats,tbl_3pElig,1,16,1,@SiteCode,1,1,1,varchar,25,0,0,SiteCode,0,NULL,NULL,1-16-001
BHG_DR,7,pats,tbl_3pElig,1,16,2,RowChkSum,0,0,NULL,int,4,10,0,RowChkSum,0,NULL,NULL,1-16-002
BHG_DR,7,pats,tbl_3pElig,1,16,3,RowState,0,0,NULL,bit,1,1,0,RowState,0,NULL,NULL,1-16-003
BHG_DR,7,pats,tbl_3pElig,1,16,4,LastModAt,0,0,NULL,datetime,8,23,3,LastModAt,0,NULL,NULL,1-16-004
BHG_DR,7,pats,tbl_3pElig,1,16,5,eID,1,1,2,int,4,10,0,eID,0,NULL,NULL,1-16-005
BHG_DR,7,pats,tbl_3pElig,1,16,6,eCLT,1,1,NULL,int,4,10,0,eCLT,1,NULL,NULL,1-16-006
BHG_DR,7,pats,tbl_3pElig,1,16,7,ePAYER,1,1,NULL,varchar,100,0,0,ePAYER,1,NULL,NULL,1-16-007
BHG_DR,7,pats,tbl_3pElig,1,16,8,eDATE,1,1,NULL,date,3,10,0,eDATE,1,NULL,NULL,1-16-008
BHG_DR,7,pats,tbl_3pElig,1,16,9,eStaff,1,1,NULL,varchar,50,0,0,eStaff,1,NULL,NULL,1-16-009
BHG_DR,7,pats,tbl_3pElig,1,16,10,ePOST,1,1,NULL,varchar,-1,0,0,ePOST,1,NULL,NULL,1-16-010
BHG_DR,7,pats,tbl_3pElig,1,16,11,eRESPONSE,1,1,NULL,varchar,-1,0,0,eRESPONSE,1,NULL,NULL,1-16-011
BHG_DR,7,pats,tbl_3pElig,1,16,12,eStatus,1,1,NULL,varchar,200,0,0,eStatus,1,NULL,NULL,1-16-012
BHG_DR,7,pats,tbl_3pElig,1,16,13,eFormat,1,1,NULL,varchar,100,0,0,eFormat,1,NULL,NULL,1-16-013
BHG_DR,7,pats,tbl_3pElig,1,16,14,Filepath,1,1,NULL,varchar,100,0,0,Filepath,1,NULL,NULL,1-16-014
BHG_DR,7,pats,tbl_3pElig,1,16,15,eELECSTATUS,1,1,NULL,varchar,100,0,0,eELECSTATUS,1,NULL,NULL,1-16-015
BHG_DR,7,pats,tbl_3pElig,1,16,16,EStaffSTATUS,1,1,NULL,varchar,50,0,0,EStaffSTATUS,1,NULL,NULL,1-16-016
BHG_DR,7,pats,tbl_3pElig,1,16,17,EStaffNote,1,1,NULL,varchar,-1,0,0,EStaffNote,1,NULL,NULL,1-16-017
BHG_DR,7,pats,tbl_3pElig,1,16,18,eSCAN,1,1,NULL,varchar,200,0,0,eSCAN,1,NULL,NULL,1-16-018
BHG_DR,7,pats,tbl_3pElig,1,16,19,eORIGID,1,1,NULL,int,4,10,0,eORIGID,1,NULL,NULL,1-16-019
BHG_DR,7,pats,tbl_3pElig,1,16,20,pyeligcheck,1,1,NULL,date,3,10,0,pyeligcheck,1,NULL,NULL,1-16-020
BHG_DR,8,pats,tbl_ClaimLineItem,4,2,0,@SiteCode,1,1,1,varchar,25,0,0,SiteCode,0,NULL,NULL,4-2-000
BHG_DR,8,pats,tbl_ClaimLineItem,4,2,1,tpcliID,1,1,2,int,4,10,0,tpcliID,0,NULL,NULL,4-2-001
BHG_DR,8,pats,tbl_ClaimLineItem,4,2,2,tpcliTPCID,1,1,0,int,4,10,0,tpcliTPCID,1,NULL,NULL,4-2-002
BHG_DR,8,pats,tbl_ClaimLineItem,4,2,3,tpcliDtmService,1,1,0,datetime,8,23,3,tpcliDtmService,1,NULL,NULL,4-2-003
BHG_DR,8,pats,tbl_ClaimLineItem,4,2,4,tpcliTxtService,1,1,0,varchar,100,0,0,tpcliTxtService,1,NULL,NULL,4-2-004
BHG_DR,8,pats,tbl_ClaimLineItem,4,2,5,tpcliIntUnits,1,1,0,int,4,10,0,tpcliIntUnits,1,NULL,NULL,4-2-005
BHG_DR,8,pats,tbl_ClaimLineItem,4,2,6,tpcliDtmAdded,1,1,0,datetime,8,23,3,tpcliDtmAdded,1,NULL,NULL,4-2-006
BHG_DR,8,pats,tbl_ClaimLineItem,4,2,7,tpcliStrAdded,1,1,0,varchar,100,0,0,tpcliStrAdded,1,NULL,NULL,4-2-007
BHG_DR,8,pats,tbl_ClaimLineItem,4,2,8,tpcliAmtCharge,1,1,0,money,8,19,4,tpcliAmtCharge,1,NULL,NULL,4-2-008
BHG_DR,8,pats,tbl_ClaimLineItem,4,2,9,tpcliStrCPT,1,1,0,varchar,100,0,0,tpcliStrCPT,1,NULL,NULL,4-2-009
BHG_DR,8,pats,tbl_ClaimLineItem,4,2,10,tpcliStrModifier,1,1,0,varchar,100,0,0,tpcliStrModifier,1,NULL,NULL,4-2-010
BHG_DR,8,pats,tbl_ClaimLineItem,4,2,11,tpcliStrNDC,1,1,0,varchar,100,0,0,tpcliStrNDC,1,NULL,NULL,4-2-011
BHG_DR,8,pats,tbl_ClaimLineItem,4,2,12,tpcliStrPOS,1,1,0,varchar,100,0,0,tpcliStrPOS,1,NULL,NULL,4-2-012
BHG_DR,8,pats,tbl_ClaimLineItem,4,2,13,tpcliIntDx1,1,1,0,int,4,10,0,tpcliIntDx1,1,NULL,NULL,4-2-013
BHG_DR,8,pats,tbl_ClaimLineItem,4,2,14,tpcliIntDx2,1,1,0,int,4,10,0,tpcliIntDx2,1,NULL,NULL,4-2-014
BHG_DR,8,pats,tbl_ClaimLineItem,4,2,15,tpcliIntDx3,1,1,0,int,4,10,0,tpcliIntDx3,1,NULL,NULL,4-2-015
BHG_DR,8,pats,tbl_ClaimLineItem,4,2,16,tpcliIntDx4,1,1,0,int,4,10,0,tpcliIntDx4,1,NULL,NULL,4-2-016
BHG_DR,8,pats,tbl_ClaimLineItem,4,2,17,tpcliDiagnosis,1,1,0,varchar,50,0,0,tpcliDiagnosis,1,NULL,NULL,4-2-017
BHG_DR,8,pats,tbl_ClaimLineItem,4,2,18,tpcliDSID,1,1,0,int,4,10,0,tpcliDSID,1,NULL,NULL,4-2-018
BHG_DR,8,pats,tbl_ClaimLineItem,4,2,19,tpcliPayerClaimID,1,1,0,varchar,50,0,0,tpcliPayerClaimID,1,NULL,NULL,4-2-019
BHG_DR,8,pats,tbl_ClaimLineItem,4,2,20,tpcliProviderId,1,1,0,varchar,50,0,0,tpcliProviderId,1,NULL,NULL,4-2-020
BHG_DR,8,pats,tbl_ClaimLineItem,4,2,21,tpcliUNITFEE,1,1,0,money,8,19,4,tpcliUNITFEE,1,NULL,NULL,4-2-021
BHG_DR,8,pats,tbl_ClaimLineItem,4,2,22,tpcliVOID,1,1,0,bit,1,1,0,tpcliVOID,1,NULL,NULL,4-2-022
BHG_DR,8,pats,tbl_ClaimLineItem,4,2,23,tpclivoidDT,1,1,0,date,3,10,0,tpclivoidDT,1,NULL,NULL,4-2-023
BHG_DR,8,pats,tbl_ClaimLineItem,4,2,24,tpclivoidUSER,1,1,0,varchar,50,0,0,tpclivoidUSER,1,NULL,NULL,4-2-024
BHG_DR,8,pats,tbl_ClaimLineItem,4,2,25,tpcliDtmServiceTo,1,1,0,datetime,8,23,3,tpcliDtmServiceTo,1,NULL,NULL,4-2-025
BHG_DR,8,pats,tbl_ClaimLineItem,4,2,26,tpcliIntMg,1,1,0,int,4,10,0,tpcliIntMg,1,NULL,NULL,4-2-026
BHG_DR,8,pats,tbl_ClaimLineItem,4,2,27,tpcliDBnotes,1,1,0,varchar,1000,0,0,tpcliDBnotes,1,NULL,NULL,4-2-027
BHG_DR,9,pats,tbl_ClaimLineItemActivity,4,3,0,@SiteCode,1,1,1,varchar,25,0,0,SiteCode,0,NULL,NULL,4-3-000
BHG_DR,9,pats,tbl_ClaimLineItemActivity,4,3,1,liaID,1,1,2,int,4,10,0,liaID,0,NULL,NULL,4-3-001
BHG_DR,9,pats,tbl_ClaimLineItemActivity,4,3,2,liaTPCLIID,1,1,0,int,4,10,0,liaTPCLIID,1,NULL,NULL,4-3-002
BHG_DR,9,pats,tbl_ClaimLineItemActivity,4,3,3,liaDtm,1,1,0,datetime,8,23,3,liaDtm,1,NULL,NULL,4-3-003
BHG_DR,9,pats,tbl_ClaimLineItemActivity,4,3,4,liaStrUser,1,1,0,varchar,100,0,0,liaStrUser,1,NULL,NULL,4-3-004
BHG_DR,9,pats,tbl_ClaimLineItemActivity,4,3,5,laiPAIDINS,1,1,0,money,8,19,4,laiPAIDINS,1,NULL,NULL,4-3-005
BHG_DR,9,pats,tbl_ClaimLineItemActivity,4,3,6,laiContADJ,1,1,0,money,8,19,4,laiContADJ,1,NULL,NULL,4-3-006
BHG_DR,9,pats,tbl_ClaimLineItemActivity,4,3,7,laiGENADJ,1,1,0,money,8,19,4,laiGENADJ,1,NULL,NULL,4-3-007
BHG_DR,9,pats,tbl_ClaimLineItemActivity,4,3,8,laiCOPay,1,1,0,money,8,19,4,laiCOPay,1,NULL,NULL,4-3-008
BHG_DR,9,pats,tbl_ClaimLineItemActivity,4,3,9,laiDEDUC,1,1,0,money,8,19,4,laiDEDUC,1,NULL,NULL,4-3-009
BHG_DR,9,pats,tbl_ClaimLineItemActivity,4,3,10,laiCLIENT,1,1,0,money,8,19,4,laiCLIENT,1,NULL,NULL,4-3-010
BHG_DR,9,pats,tbl_ClaimLineItemActivity,4,3,11,liaBitNoteOnly,1,1,0,bit,1,1,0,liaBitNoteOnly,1,NULL,NULL,4-3-011
BHG_DR,9,pats,tbl_ClaimLineItemActivity,4,3,12,liaStrDesc,1,1,0,varchar,1000,0,0,liaStrDesc,1,NULL,NULL,4-3-012
BHG_DR,9,pats,tbl_ClaimLineItemActivity,4,3,13,tprbID,1,1,0,int,4,10,0,tprbID,0,NULL,NULL,4-3-013
BHG_DR,9,pats,tbl_ClaimLineItemActivity,4,3,14,liaPending,1,1,0,bit,1,1,0,liaPending,1,NULL,NULL,4-3-014
BHG_DR,9,pats,tbl_ClaimLineItemActivity,4,3,15,liaamt,1,1,0,money,8,19,4,liaamt,1,NULL,NULL,4-3-015
BHG_DR,9,pats,tbl_ClaimLineItemActivity,4,3,16,liastrtext,1,1,0,varchar,50,0,0,liastrtext,1,NULL,NULL,4-3-016
BHG_DR,9,pats,tbl_ClaimLineItemActivity,4,3,17,liaADJREASON,1,1,0,varchar,100,0,0,liaADJREASON,1,NULL,NULL,4-3-017
BHG_DR,9,pats,tbl_ClaimLineItemActivity,4,3,18,laiCOINS,1,1,0,money,8,19,4,laiCOINS,1,NULL,NULL,4-3-018
BHG_DR,9,pats,tbl_ClaimLineItemActivity,4,3,19,liaAction1,1,1,0,varchar,500,0,0,liaAction1,1,NULL,NULL,4-3-019
BHG_DR,9,pats,tbl_ClaimLineItemActivity,4,3,20,liaAction2,1,1,0,varchar,500,0,0,liaAction2,1,NULL,NULL,4-3-020
BHG_DR,9,pats,tbl_ClaimLineItemActivity,4,3,21,liaADJcontract,1,1,0,varchar,100,0,0,liaADJcontract,1,NULL,NULL,4-3-021
BHG_DR,9,pats,tbl_ClaimLineItemActivity,4,3,22,liaADJgeneral,1,1,0,varchar,100,0,0,liaADJgeneral,1,NULL,NULL,4-3-022
BHG_DR,9,pats,tbl_ClaimLineItemActivity,4,3,23,liaANSI1,1,1,0,varchar,50,0,0,liaANSI1,1,NULL,NULL,4-3-023
BHG_DR,9,pats,tbl_ClaimLineItemActivity,4,3,24,liaANSI2,1,1,0,varchar,50,0,0,liaANSI2,1,NULL,NULL,4-3-024
BHG_DR,9,pats,tbl_ClaimLineItemActivity,4,3,25,liaANSImod1,1,1,0,varchar,50,0,0,liaANSImod1,1,NULL,NULL,4-3-025
BHG_DR,9,pats,tbl_ClaimLineItemActivity,4,3,26,liaANSImod2,1,1,0,varchar,50,0,0,liaANSImod2,1,NULL,NULL,4-3-026
BHG_DR,9,pats,tbl_ClaimLineItemActivity,4,3,27,BillID,1,1,0,int,4,10,0,BillID,1,NULL,NULL,4-3-027
BHG_DR,9,pats,tbl_ClaimLineItemActivity,4,3,28,liaDBnotes,1,1,0,varchar,1000,0,0,liaDBnotes,1,NULL,NULL,4-3-028
BHG_DR,10,pats,tbl_Claims,4,1,0,@SiteCode,1,1,1,varchar,25,0,0,SiteCode,0,NULL,NULL,4-1-000
BHG_DR,10,pats,tbl_Claims,4,1,1,tpcID,1,1,2,int,4,10,0,tpcID,0,NULL,NULL,4-1-001
BHG_DR,10,pats,tbl_Claims,4,1,2,tpccltID,1,1,0,int,4,10,0,tpccltID,1,NULL,NULL,4-1-002
BHG_DR,10,pats,tbl_Claims,4,1,3,tpcStrStatus,1,1,0,varchar,100,0,0,tpcStrStatus,1,NULL,NULL,4-1-003
BHG_DR,10,pats,tbl_Claims,4,1,4,tpcStrPayer,1,1,0,varchar,100,0,0,tpcStrPayer,1,NULL,NULL,4-1-004
BHG_DR,10,pats,tbl_Claims,4,1,8,tpcDtmAdded,1,1,0,datetime,8,23,3,tpcDtmAdded,1,NULL,NULL,4-1-008
BHG_DR,10,pats,tbl_Claims,4,1,9,tpcStrAdded,1,1,0,varchar,100,0,0,tpcStrAdded,1,NULL,NULL,4-1-009
BHG_DR,10,pats,tbl_Claims,4,1,16,f10oth,1,1,0,varchar,50,0,0,f10oth,1,NULL,NULL,4-1-016
BHG_DR,10,pats,tbl_Claims,4,1,18,tpcClaimBatchID,1,1,0,int,4,10,0,tpcClaimBatchID,1,NULL,NULL,4-1-018
BHG_DR,10,pats,tbl_Claims,4,1,21,f11insnumber,1,1,0,varchar,50,0,0,f11insnumber,1,NULL,NULL,4-1-021
BHG_DR,10,pats,tbl_Claims,4,1,22,f11insplan,1,1,0,varchar,50,0,0,f11insplan,1,NULL,NULL,4-1-022
BHG_DR,10,pats,tbl_Claims,4,1,23,f11inssex,1,1,0,varchar,50,0,0,f11inssex,1,NULL,NULL,4-1-023
BHG_DR,10,pats,tbl_Claims,4,1,24,f12sig,1,1,0,varchar,50,0,0,f12sig,1,NULL,NULL,4-1-024
BHG_DR,10,pats,tbl_Claims,4,1,25,f12sigdate,1,1,0,varchar,50,0,0,f12sigdate,1,NULL,NULL,4-1-025
BHG_DR,10,pats,tbl_Claims,4,1,26,f13inssig,1,1,0,varchar,50,0,0,f13inssig,1,NULL,NULL,4-1-026
BHG_DR,10,pats,tbl_Claims,4,1,27,f14date,1,1,0,varchar,50,0,0,f14date,1,NULL,NULL,4-1-027
BHG_DR,10,pats,tbl_Claims,4,1,28,f15firstdate,1,1,0,varchar,50,0,0,f15firstdate,1,NULL,NULL,4-1-028
BHG_DR,10,pats,tbl_Claims,4,1,29,f16dateunableend,1,1,0,varchar,50,0,0,f16dateunableend,1,NULL,NULL,4-1-029
BHG_DR,10,pats,tbl_Claims,4,1,30,f10auto,1,1,0,varchar,50,0,0,f10auto,1,NULL,NULL,4-1-030
BHG_DR,10,pats,tbl_Claims,4,1,31,tpcStrPrimary,1,1,0,varchar,100,0,0,tpcStrPrimary,1,NULL,NULL,4-1-031
BHG_DR,10,pats,tbl_Claims,4,1,32,f10employ,1,1,0,varchar,50,0,0,f10employ,1,NULL,NULL,4-1-032
BHG_DR,10,pats,tbl_Claims,4,1,33,f10local,1,1,0,varchar,50,0,0,f10local,1,NULL,NULL,4-1-033
BHG_DR,10,pats,tbl_Claims,4,1,34,f11insanother,1,1,0,varchar,50,0,0,f11insanother,1,NULL,NULL,4-1-034
BHG_DR,10,pats,tbl_Claims,4,1,35,f11insdob,1,1,0,varchar,50,0,0,f11insdob,1,NULL,NULL,4-1-035
BHG_DR,10,pats,tbl_Claims,4,1,36,f11insemploy,1,1,0,varchar,50,0,0,f11insemploy,1,NULL,NULL,4-1-036
BHG_DR,10,pats,tbl_Claims,4,1,37,f16dateunablestart,1,1,0,varchar,50,0,0,f16dateunablestart,1,NULL,NULL,4-1-037
BHG_DR,10,pats,tbl_Claims,4,1,38,f17refername,1,1,0,varchar,50,0,0,f17refername,1,NULL,NULL,4-1-038
BHG_DR,10,pats,tbl_Claims,4,1,39,f17refernpi,1,1,0,varchar,50,0,0,f17refernpi,1,NULL,NULL,4-1-039
BHG_DR,10,pats,tbl_Claims,4,1,40,f18datehospend,1,1,0,varchar,50,0,0,f18datehospend,1,NULL,NULL,4-1-040
BHG_DR,10,pats,tbl_Claims,4,1,41,f18datehospstart,1,1,0,varchar,50,0,0,f18datehospstart,1,NULL,NULL,4-1-041
BHG_DR,10,pats,tbl_Claims,4,1,42,f19local,1,1,0,varchar,50,0,0,f19local,1,NULL,NULL,4-1-042
BHG_DR,10,pats,tbl_Claims,4,1,43,f1id,1,1,0,varchar,50,0,0,f1id,1,NULL,NULL,4-1-043
BHG_DR,10,pats,tbl_Claims,4,1,44,f20outsidelab,1,1,0,varchar,50,0,0,f20outsidelab,1,NULL,NULL,4-1-044
BHG_DR,10,pats,tbl_Claims,4,1,45,f21diag1,1,1,0,varchar,50,0,0,f21diag1,1,NULL,NULL,4-1-045
BHG_DR,10,pats,tbl_Claims,4,1,46,f21diag2,1,1,0,varchar,50,0,0,f21diag2,1,NULL,NULL,4-1-046
BHG_DR,10,pats,tbl_Claims,4,1,47,f21diag3,1,1,0,varchar,50,0,0,f21diag3,1,NULL,NULL,4-1-047
BHG_DR,10,pats,tbl_Claims,4,1,48,f21diag4,1,1,0,varchar,50,0,0,f21diag4,1,NULL,NULL,4-1-048
BHG_DR,10,pats,tbl_Claims,4,1,49,f22medresub,1,1,0,varchar,50,0,0,f22medresub,1,NULL,NULL,4-1-049
BHG_DR,10,pats,tbl_Claims,4,1,50,f23priorauth,1,1,0,varchar,50,0,0,f23priorauth,1,NULL,NULL,4-1-050
BHG_DR,10,pats,tbl_Claims,4,1,51,f25taxid,1,1,0,varchar,50,0,0,f25taxid,1,NULL,NULL,4-1-051
BHG_DR,10,pats,tbl_Claims,4,1,52,f26account,1,1,0,varchar,50,0,0,f26account,1,NULL,NULL,4-1-052
BHG_DR,10,pats,tbl_Claims,4,1,53,f27assign,1,1,0,varchar,50,0,0,f27assign,1,NULL,NULL,4-1-053
BHG_DR,10,pats,tbl_Claims,4,1,54,f28totalcharge,1,1,0,varchar,50,0,0,f28totalcharge,1,NULL,NULL,4-1-054
BHG_DR,10,pats,tbl_Claims,4,1,55,f29amtpaid,1,1,0,varchar,50,0,0,f29amtpaid,1,NULL,NULL,4-1-055
BHG_DR,10,pats,tbl_Claims,4,1,56,f2name,1,1,0,varchar,50,0,0,f2name,1,NULL,NULL,4-1-056
BHG_DR,10,pats,tbl_Claims,4,1,57,f30balancedue,1,1,0,varchar,50,0,0,f30balancedue,1,NULL,NULL,4-1-057
BHG_DR,10,pats,tbl_Claims,4,1,58,f31date,1,1,0,varchar,50,0,0,f31date,1,NULL,NULL,4-1-058
BHG_DR,10,pats,tbl_Claims,4,1,59,f31phys,1,1,0,varchar,50,0,0,f31phys,1,NULL,NULL,4-1-059
BHG_DR,10,pats,tbl_Claims,4,1,60,f32a,1,1,0,varchar,50,0,0,f32a,1,NULL,NULL,4-1-060
BHG_DR,10,pats,tbl_Claims,4,1,61,f32b,1,1,0,varchar,50,0,0,f32b,1,NULL,NULL,4-1-061
BHG_DR,10,pats,tbl_Claims,4,1,62,f32line1,1,1,0,varchar,50,0,0,f32line1,1,NULL,NULL,4-1-062
BHG_DR,10,pats,tbl_Claims,4,1,63,f32line2,1,1,0,varchar,50,0,0,f32line2,1,NULL,NULL,4-1-063
BHG_DR,10,pats,tbl_Claims,4,1,64,f32line3,1,1,0,varchar,50,0,0,f32line3,1,NULL,NULL,4-1-064
BHG_DR,10,pats,tbl_Claims,4,1,65,f32line4,1,1,0,varchar,50,0,0,f32line4,1,NULL,NULL,4-1-065
BHG_DR,10,pats,tbl_Claims,4,1,66,f33a,1,1,0,varchar,50,0,0,f33a,1,NULL,NULL,4-1-066
BHG_DR,10,pats,tbl_Claims,4,1,67,f33b,1,1,0,varchar,50,0,0,f33b,1,NULL,NULL,4-1-067
BHG_DR,10,pats,tbl_Claims,4,1,68,f33line1,1,1,0,varchar,50,0,0,f33line1,1,NULL,NULL,4-1-068
BHG_DR,10,pats,tbl_Claims,4,1,69,f33line2,1,1,0,varchar,50,0,0,f33line2,1,NULL,NULL,4-1-069
BHG_DR,10,pats,tbl_Claims,4,1,70,f33line3,1,1,0,varchar,50,0,0,f33line3,1,NULL,NULL,4-1-070
BHG_DR,10,pats,tbl_Claims,4,1,71,f33line4,1,1,0,varchar,50,0,0,f33line4,1,NULL,NULL,4-1-071
BHG_DR,10,pats,tbl_Claims,4,1,72,f33phone,1,1,0,varchar,50,0,0,f33phone,1,NULL,NULL,4-1-072
BHG_DR,10,pats,tbl_Claims,4,1,73,f3dob,1,1,0,varchar,50,0,0,f3dob,1,NULL,NULL,4-1-073
BHG_DR,10,pats,tbl_Claims,4,1,74,f4insname,1,1,0,varchar,50,0,0,f4insname,1,NULL,NULL,4-1-074
BHG_DR,10,pats,tbl_Claims,4,1,75,f5add,1,1,0,varchar,50,0,0,f5add,1,NULL,NULL,4-1-075
BHG_DR,10,pats,tbl_Claims,4,1,76,f5city,1,1,0,varchar,50,0,0,f5city,1,NULL,NULL,4-1-076
BHG_DR,10,pats,tbl_Claims,4,1,77,f5phone,1,1,0,varchar,50,0,0,f5phone,1,NULL,NULL,4-1-077
BHG_DR,10,pats,tbl_Claims,4,1,78,f5state,1,1,0,varchar,50,0,0,f5state,1,NULL,NULL,4-1-078
BHG_DR,10,pats,tbl_Claims,4,1,79,f5zip,1,1,0,varchar,50,0,0,f5zip,1,NULL,NULL,4-1-079
BHG_DR,10,pats,tbl_Claims,4,1,80,f6insrel,1,1,0,varchar,50,0,0,f6insrel,1,NULL,NULL,4-1-080
BHG_DR,10,pats,tbl_Claims,4,1,81,f7insadd,1,1,0,varchar,50,0,0,f7insadd,1,NULL,NULL,4-1-081
BHG_DR,10,pats,tbl_Claims,4,1,82,f7inscity,1,1,0,varchar,50,0,0,f7inscity,1,NULL,NULL,4-1-082
BHG_DR,10,pats,tbl_Claims,4,1,83,f7insphone,1,1,0,varchar,50,0,0,f7insphone,1,NULL,NULL,4-1-083
BHG_DR,10,pats,tbl_Claims,4,1,84,f7insstate,1,1,0,varchar,50,0,0,f7insstate,1,NULL,NULL,4-1-084
BHG_DR,10,pats,tbl_Claims,4,1,85,f7inszip,1,1,0,varchar,50,0,0,f7inszip,1,NULL,NULL,4-1-085
BHG_DR,10,pats,tbl_Claims,4,1,86,f8stat,1,1,0,varchar,50,0,0,f8stat,1,NULL,NULL,4-1-086
BHG_DR,10,pats,tbl_Claims,4,1,87,f9othinsdob,1,1,0,varchar,50,0,0,f9othinsdob,1,NULL,NULL,4-1-087
BHG_DR,10,pats,tbl_Claims,4,1,88,f9othinsemp,1,1,0,varchar,50,0,0,f9othinsemp,1,NULL,NULL,4-1-088
BHG_DR,10,pats,tbl_Claims,4,1,89,f9othinsname,1,1,0,varchar,50,0,0,f9othinsname,1,NULL,NULL,4-1-089
BHG_DR,10,pats,tbl_Claims,4,1,90,f9othinsnumber,1,1,0,varchar,50,0,0,f9othinsnumber,1,NULL,NULL,4-1-090
BHG_DR,10,pats,tbl_Claims,4,1,91,f9othinsplan,1,1,0,varchar,50,0,0,f9othinsplan,1,NULL,NULL,4-1-091
BHG_DR,10,pats,tbl_Claims,4,1,92,f9othinssex,1,1,0,varchar,50,0,0,f9othinssex,1,NULL,NULL,4-1-092
BHG_DR,10,pats,tbl_Claims,4,1,93,tpcCreatedDate,1,1,0,datetime,8,23,3,tpcCreatedDate,1,NULL,NULL,4-1-093
BHG_DR,10,pats,tbl_Claims,4,1,94,tpcEncounter,1,1,0,nchar,20,0,0,tpcEncounter,1,NULL,NULL,4-1-094
BHG_DR,10,pats,tbl_Claims,4,1,95,tpcREBILLREASON,1,1,0,varchar,500,0,0,tpcREBILLREASON,1,NULL,NULL,4-1-095
BHG_DR,10,pats,tbl_Claims,4,1,96,tpcStrWeek,1,1,0,varchar,10,0,0,tpcStrWeek,1,NULL,NULL,4-1-096
BHG_DR,10,pats,tbl_Claims,4,1,97,tpcWKSTART,1,1,0,date,3,10,0,tpcWKSTART,1,NULL,NULL,4-1-097
BHG_DR,10,pats,tbl_Claims,4,1,98,tpcPayerCIN,1,1,0,varchar,100,0,0,tpcPayerCIN,1,NULL,NULL,4-1-098
BHG_DR,10,pats,tbl_Claims,4,1,99,tpcSrvType,1,1,0,varchar,10,0,0,tpcSrvType,1,NULL,NULL,4-1-099
BHG_DR,10,pats,tbl_Claims,4,1,100,f3sex,1,1,0,varchar,10,0,0,f3sex,1,NULL,NULL,4-1-100
BHG_DR,10,pats,tbl_Claims,4,1,101,tpcClaimType,1,1,0,int,4,10,0,tpcClaimType,1,NULL,NULL,4-1-101
BHG_DR,10,pats,tbl_Claims,4,1,102,SiteID,1,1,0,int,4,10,0,SiteID,1,NULL,NULL,4-1-102
BHG_DR,10,pats,tbl_Claims,4,1,103,tpcDBnotes,1,1,0,varchar,1000,0,0,tpcDBnotes,1,NULL,NULL,4-1-103
BHG_DR,10,pats,tbl_Claims,4,1,104,tpcReferring,1,1,0,varchar,10,0,0,tpcReferring,1,NULL,NULL,4-1-104
BHG_DR,11,pats,tbl_PayerClient,1,6,0,@SiteCode,1,1,1,varchar,25,0,0,SiteCode,0,NULL,NULL,1-6-000
BHG_DR,11,pats,tbl_PayerClient,1,6,1,pyID,1,1,2,int,4,10,0,pyID,0,NULL,NULL,1-6-001
BHG_DR,11,pats,tbl_PayerClient,1,6,2,pyPAYERID,1,1,NULL,varchar,50,0,0,pyPAYERID,1,NULL,NULL,1-6-002
BHG_DR,11,pats,tbl_PayerClient,1,6,3,pyPAYERTYPE,1,1,NULL,varchar,50,0,0,pyPAYERTYPE,1,NULL,NULL,1-6-003
BHG_DR,11,pats,tbl_PayerClient,1,6,4,pySUBSID,1,1,NULL,varchar,50,0,0,pySUBSID,1,NULL,NULL,1-6-004
BHG_DR,11,pats,tbl_PayerClient,1,6,5,pyGROUP,1,1,NULL,varchar,50,0,0,pyGROUP,1,NULL,NULL,1-6-005
BHG_DR,11,pats,tbl_PayerClient,1,6,6,pyAUTH,1,1,NULL,varchar,50,0,0,pyAUTH,1,NULL,NULL,1-6-006
BHG_DR,11,pats,tbl_PayerClient,1,6,7,pySTART,1,1,NULL,date,3,10,0,pySTART,1,NULL,NULL,1-6-007
BHG_DR,11,pats,tbl_PayerClient,1,6,8,pyEND,1,1,NULL,date,3,10,0,pyEND,1,NULL,NULL,1-6-008
BHG_DR,11,pats,tbl_PayerClient,1,6,9,pyCLTID,1,1,NULL,int,4,10,0,pyCLTID,1,NULL,NULL,1-6-009
BHG_DR,11,pats,tbl_PayerClient,1,6,10,pyACTIVE,1,1,NULL,bit,1,1,0,pyACTIVE,1,NULL,NULL,1-6-010
BHG_DR,11,pats,tbl_PayerClient,1,6,11,pyadd,1,1,NULL,varchar,50,0,0,pyadd,1,NULL,NULL,1-6-011
BHG_DR,11,pats,tbl_PayerClient,1,6,12,pycity,1,1,NULL,varchar,50,0,0,pycity,1,NULL,NULL,1-6-012
BHG_DR,11,pats,tbl_PayerClient,1,6,13,pyDOB,1,1,NULL,datetime,8,23,3,pyDOB,1,NULL,NULL,1-6-013
BHG_DR,11,pats,tbl_PayerClient,1,6,14,pyfirst,1,1,NULL,varchar,50,0,0,pyfirst,1,NULL,NULL,1-6-014
BHG_DR,11,pats,tbl_PayerClient,1,6,15,pylast,1,1,NULL,varchar,50,0,0,pylast,1,NULL,NULL,1-6-015
BHG_DR,11,pats,tbl_PayerClient,1,6,16,pyPhone,1,1,NULL,varchar,50,0,0,pyPhone,1,NULL,NULL,1-6-016
BHG_DR,11,pats,tbl_PayerClient,1,6,17,pysame,1,1,NULL,bit,1,1,0,pysame,1,NULL,NULL,1-6-017
BHG_DR,11,pats,tbl_PayerClient,1,6,18,pystate,1,1,NULL,varchar,10,0,0,pystate,1,NULL,NULL,1-6-018
BHG_DR,11,pats,tbl_PayerClient,1,6,19,pyzip,1,1,NULL,varchar,10,0,0,pyzip,1,NULL,NULL,1-6-019
BHG_DR,11,pats,tbl_PayerClient,1,6,20,pyAddDate,1,1,NULL,date,3,10,0,pyAddDate,1,NULL,NULL,1-6-020
BHG_DR,11,pats,tbl_PayerClient,1,6,21,PyAddUser,1,1,NULL,varchar,50,0,0,PyAddUser,1,NULL,NULL,1-6-021
BHG_DR,11,pats,tbl_PayerClient,1,6,22,pyBACK,1,1,NULL,varchar,100,0,0,pyBACK,1,NULL,NULL,1-6-022
BHG_DR,11,pats,tbl_PayerClient,1,6,23,pybupe,1,1,NULL,varchar,250,0,0,pybupe,1,NULL,NULL,1-6-023
BHG_DR,11,pats,tbl_PayerClient,1,6,24,pycoins,1,1,NULL,money,8,19,4,pycoins,1,NULL,NULL,1-6-024
BHG_DR,11,pats,tbl_PayerClient,1,6,25,pycopay,1,1,NULL,money,8,19,4,pycopay,1,NULL,NULL,1-6-025
BHG_DR,11,pats,tbl_PayerClient,1,6,26,pyded,1,1,NULL,varchar,250,0,0,pyded,1,NULL,NULL,1-6-026
BHG_DR,11,pats,tbl_PayerClient,1,6,27,pydeduct,1,1,NULL,money,8,19,4,pydeduct,1,NULL,NULL,1-6-027
BHG_DR,11,pats,tbl_PayerClient,1,6,28,pydeductleft,1,1,NULL,money,8,19,4,pydeductleft,1,NULL,NULL,1-6-028
BHG_DR,11,pats,tbl_PayerClient,1,6,29,pyEligCheck,1,1,NULL,datetime,8,23,3,pyEligCheck,1,NULL,NULL,1-6-029
BHG_DR,11,pats,tbl_PayerClient,1,6,30,pyEligUser,1,1,NULL,varchar,50,0,0,pyEligUser,1,NULL,NULL,1-6-030
BHG_DR,11,pats,tbl_PayerClient,1,6,31,pyfront,1,1,NULL,varchar,100,0,0,pyfront,1,NULL,NULL,1-6-031
BHG_DR,11,pats,tbl_PayerClient,1,6,32,pymmt,1,1,NULL,varchar,250,0,0,pymmt,1,NULL,NULL,1-6-032
BHG_DR,11,pats,tbl_PayerClient,1,6,33,pyout,1,1,NULL,varchar,250,0,0,pyout,1,NULL,NULL,1-6-033
BHG_DR,11,pats,tbl_PayerClient,1,6,34,pyProjectedEnd,1,1,NULL,date,3,10,0,pyProjectedEnd,1,NULL,NULL,1-6-034
BHG_DR,11,pats,tbl_PayerClient,1,6,35,tempSavePayer,1,1,NULL,varchar,50,0,0,tempSavePayer,1,NULL,NULL,1-6-035
BHG_DR,11,pats,tbl_PayerClient,1,6,36,pyBasicNum,1,1,NULL,varchar,50,0,0,pyBasicNum,1,NULL,NULL,1-6-036
BHG_DR,11,pats,tbl_PayerClient,1,6,37,pyCategory,1,1,NULL,varchar,50,0,0,pyCategory,1,NULL,NULL,1-6-037
BHG_DR,11,pats,tbl_PayerClient,1,6,38,pyHMOprovider,1,1,NULL,varchar,50,0,0,pyHMOprovider,1,NULL,NULL,1-6-038
BHG_DR,11,pats,tbl_PayerClient,1,6,39,pyLocalOffice,1,1,NULL,varchar,50,0,0,pyLocalOffice,1,NULL,NULL,1-6-039
BHG_DR,11,pats,tbl_PayerClient,1,6,40,pyDBnotes,1,1,NULL,varchar,250,0,0,pyDBnotes,1,NULL,NULL,1-6-040
BHG_DR,11,pats,tbl_PayerClient,1,6,41,TypeOfAgreementCode,0,0,NULL,varchar,10,0,0,TypeOfAgreementCode,1,NULL,NULL,1-6-041
BHG_DR,12,pats,tbl_tbldiag10,1,83,1,@SiteCode,0,1,1,varchar,25,0,0,SiteCode,0,NULL,NULL,1-83-001
BHG_DR,12,pats,tbl_tbldiag10,1,83,2,dgID,0,1,2,int,4,10,0,dgID,0,NULL,NULL,1-83-002
BHG_DR,12,pats,tbl_tbldiag10,1,83,3,dgCLTID,0,1,NULL,int,4,10,0,dgCLTID,1,NULL,NULL,1-83-003
BHG_DR,12,pats,tbl_tbldiag10,1,83,4,dgDIAG,0,1,NULL,nvarchar,200,0,0,dgDIAG,1,NULL,NULL,1-83-004
BHG_DR,12,pats,tbl_tbldiag10,1,83,5,dgDESC,0,1,NULL,ntext,16,0,0,dgDESC,1,NULL,NULL,1-83-005
BHG_DR,12,pats,tbl_tbldiag10,1,83,6,dgDATE,0,1,NULL,datetime,8,23,3,dgDATE,1,NULL,NULL,1-83-006
BHG_DR,12,pats,tbl_tbldiag10,1,83,7,dgSTAFF,0,1,NULL,nvarchar,100,0,0,dgSTAFF,1,NULL,NULL,1-83-007
BHG_DR,12,pats,tbl_tbldiag10,1,83,8,dgdt,0,1,NULL,datetime,8,23,3,dgdt,1,NULL,NULL,1-83-008
BHG_DR,12,pats,tbl_tbldiag10,1,83,9,dgPRIMARY,0,1,NULL,bit,1,1,0,dgPRIMARY,1,NULL,NULL,1-83-009
BHG_DR,12,pats,tbl_tbldiag10,1,83,10,dgDIAG10,0,1,NULL,nvarchar,200,0,0,dgDIAG10,1,NULL,NULL,1-83-010
BHG_DR,12,pats,tbl_tbldiag10,1,83,11,dgDIAG10Description,0,1,NULL,ntext,16,0,0,dgDIAG10Description,1,NULL,NULL,1-83-011
BHG_DR,12,pats,tbl_tbldiag10,1,83,12,dgNote,0,1,NULL,nvarchar,-1,0,0,dgNote,1,NULL,NULL,1-83-012
BHG_DR,12,pats,tbl_tbldiag10,1,83,13,dgType,0,1,NULL,nvarchar,-1,0,0,dgType,1,NULL,NULL,1-83-013
BHG_DR,12,pats,tbl_tbldiag10,1,83,14,EnrollmentId,0,1,NULL,int,4,10,0,EnrollmentId,1,NULL,NULL,1-83-014
BHG_DR,12,pats,tbl_tbldiag10,1,83,15,dgEndDate,0,1,NULL,datetime,8,23,3,dgEndDate,1,NULL,NULL,1-83-015
BHG_DR,13,pats,tbl_ClientDemo1,1,1,0,@SiteCode,1,1,1,Parameter,25,0,0,SiteCode,0,@SiteCode,NULL,1-1-000
BHG_DR,13,pats,tbl_ClientDemo1,1,1,1,cltID,1,1,2,int,4,10,0,ClientID,0,NULL,NULL,1-1-001
BHG_DR,13,pats,tbl_ClientDemo1,1,1,2,cltM4ID,1,1,NULL,varchar,50,0,0,ClientM4ID,1,NULL,NULL,1-1-002
BHG_DR,13,pats,tbl_ClientDemo1,1,1,3,cltFName,1,1,NULL,varchar,50,0,0,FirstName,1,NULL,NULL,1-1-003
BHG_DR,13,pats,tbl_ClientDemo1,1,1,4,cltMI,1,1,NULL,varchar,50,0,0,MiddleName,1,NULL,NULL,1-1-004
BHG_DR,13,pats,tbl_ClientDemo1,1,1,5,cltLName,1,1,NULL,varchar,50,0,0,LastName,1,NULL,NULL,1-1-005
BHG_DR,13,pats,tbl_ClientDemo1,1,1,6,cltDOB,1,1,NULL,datetime,8,23,3,DOB,1,NULL,NULL,1-1-006
BHG_DR,13,pats,tbl_ClientDemo1,1,1,7,cltGender,1,1,NULL,varchar,50,0,0,Gender,1,NULL,NULL,1-1-007
BHG_DR,13,pats,tbl_ClientDemo1,1,1,8,cltSSN,1,1,NULL,varchar,50,0,0,SSN,1,NULL,NULL,1-1-008
BHG_DR,13,pats,tbl_ClientDemo1,1,1,9,cltSize,1,1,NULL,int,4,10,0,Size,1,NULL,NULL,1-1-009
BHG_DR,13,pats,tbl_ClientDemo1,1,1,10,cltADD1,1,1,NULL,varchar,50,0,0,Address1,1,NULL,NULL,1-1-010
BHG_DR,13,pats,tbl_ClientDemo1,1,1,11,cltADD2,1,1,NULL,varchar,50,0,0,Address2,1,NULL,NULL,1-1-011
BHG_DR,13,pats,tbl_ClientDemo1,1,1,12,cltCity,1,1,NULL,varchar,50,0,0,City,1,NULL,NULL,1-1-012
BHG_DR,13,pats,tbl_ClientDemo1,1,1,13,cltState,1,1,NULL,varchar,50,0,0,State,1,NULL,NULL,1-1-013
BHG_DR,13,pats,tbl_ClientDemo1,1,1,14,cltzip,1,1,NULL,varchar,50,0,0,Zip,1,NULL,NULL,1-1-014
BHG_DR,13,pats,tbl_ClientDemo1,1,1,15,cltPhone,1,1,NULL,varchar,50,0,0,Phone,1,NULL,NULL,1-1-015
BHG_DR,13,pats,tbl_ClientDemo1,1,1,16,cltEmployer,1,1,NULL,varchar,50,0,0,Employer,1,NULL,NULL,1-1-016
BHG_DR,13,pats,tbl_ClientDemo1,1,1,17,cltWorkPh,1,1,NULL,varchar,50,0,0,WorkPhone,1,NULL,NULL,1-1-017
BHG_DR,13,pats,tbl_ClientDemo1,1,1,18,cltIncome,1,1,NULL,varchar,100,0,0,Income,1,NULL,NULL,1-1-018
BHG_DR,13,pats,tbl_ClientDemo1,1,1,19,cltEducation,1,1,NULL,varchar,50,0,0,Education,1,NULL,NULL,1-1-019
BHG_DR,13,pats,tbl_ClientDemo1,1,1,20,cltHair,1,1,NULL,varchar,50,0,0,Hair,1,NULL,NULL,1-1-020
BHG_DR,13,pats,tbl_ClientDemo1,1,1,21,cltEye,1,1,NULL,varchar,50,0,0,Eye,1,NULL,NULL,1-1-021
BHG_DR,13,pats,tbl_ClientDemo1,1,1,22,cltH,1,1,NULL,varchar,50,0,0,Height,1,NULL,NULL,1-1-022
BHG_DR,13,pats,tbl_ClientDemo1,1,1,23,cltW,1,1,NULL,varchar,50,0,0,Weight,1,NULL,NULL,1-1-023
BHG_DR,13,pats,tbl_ClientDemo1,1,1,24,cltRace,1,1,NULL,varchar,50,0,0,Race,1,NULL,NULL,1-1-024
BHG_DR,13,pats,tbl_ClientDemo1,1,1,25,cltCounselor,0,0,NULL,varchar,50,0,0,NULL,1,NULL,NULL,1-1-025
BHG_DR,13,pats,tbl_ClientDemo1,1,1,26,cltStatus,0,0,NULL,varchar,50,0,0,NULL,1,NULL,NULL,1-1-026
BHG_DR,13,pats,tbl_ClientDemo1,1,1,27,cltProg,0,0,NULL,varchar,50,0,0,NULL,1,NULL,NULL,1-1-027
BHG_DR,13,pats,tbl_ClientDemo1,1,1,28,cltdtadded,0,0,NULL,datetime,8,23,3,NULL,1,NULL,NULL,1-1-028
BHG_DR,13,pats,tbl_ClientDemo1,1,1,29,cltAmount,0,0,NULL,varchar,50,0,0,NULL,1,NULL,NULL,1-1-029
BHG_DR,13,pats,tbl_ClientDemo1,1,1,30,cltFreq,0,0,NULL,varchar,50,0,0,NULL,1,NULL,NULL,1-1-030
BHG_DR,13,pats,tbl_ClientDemo1,1,1,31,cltDOW1,0,0,NULL,varchar,50,0,0,NULL,1,NULL,NULL,1-1-031
BHG_DR,13,pats,tbl_ClientDemo1,1,1,32,cltDOW2,0,0,NULL,varchar,50,0,0,NULL,1,NULL,NULL,1-1-032
BHG_DR,13,pats,tbl_ClientDemo1,1,1,33,cltNextBill,0,0,NULL,datetime,8,23,3,NULL,1,NULL,NULL,1-1-033
BHG_DR,13,pats,tbl_ClientDemo1,1,1,34,cltLastBill,0,0,NULL,datetime,8,23,3,NULL,1,NULL,NULL,1-1-034
BHG_DR,13,pats,tbl_ClientDemo1,1,1,35,dtNextTP,0,0,NULL,datetime,8,23,3,NULL,1,NULL,NULL,1-1-035
BHG_DR,13,pats,tbl_ClientDemo1,1,1,36,dtPhysTB,0,0,NULL,datetime,8,23,3,NULL,1,NULL,NULL,1-1-036
BHG_DR,13,pats,tbl_ClientDemo1,1,1,37,Monthly,0,0,NULL,bit,1,1,0,NULL,1,NULL,NULL,1-1-037
BHG_DR,13,pats,tbl_ClientDemo1,1,1,38,cltBOTTLES,0,0,NULL,smallint,2,5,0,NULL,1,NULL,NULL,1-1-038
BHG_DR,13,pats,tbl_ClientDemo1,1,1,39,cltPICPATH,0,0,NULL,varchar,150,0,0,NULL,1,NULL,NULL,1-1-039
BHG_DR,13,pats,tbl_ClientDemo1,1,1,40,cltpreg,1,1,NULL,bit,1,1,0,Preg,1,NULL,NULL,1-1-040
BHG_DR,13,pats,tbl_ClientDemo1,1,1,41,cltREMARKS,0,0,NULL,ntext,16,0,0,NULL,1,NULL,NULL,1-1-041
BHG_DR,13,pats,tbl_ClientDemo1,1,1,42,cltRIN,0,0,NULL,varchar,50,0,0,NULL,1,NULL,NULL,1-1-042
BHG_DR,13,pats,tbl_ClientDemo1,1,1,43,cltETH,0,0,NULL,varchar,50,0,0,NULL,1,NULL,NULL,1-1-043
BHG_DR,13,pats,tbl_ClientDemo1,1,1,44,cltMedicaid,0,0,NULL,bit,1,1,0,NULL,1,NULL,NULL,1-1-044
BHG_DR,13,pats,tbl_ClientDemo1,1,1,45,cltENROLLdt,0,0,NULL,datetime,8,23,3,NULL,1,NULL,NULL,1-1-045
BHG_DR,13,pats,tbl_ClientDemo1,1,1,46,cltLANG,1,1,NULL,varchar,50,0,0,Language,1,NULL,NULL,1-1-046
BHG_DR,13,pats,tbl_ClientDemo1,1,1,47,cltBULK,0,0,NULL,bit,1,1,0,NULL,1,NULL,NULL,1-1-047
BHG_DR,13,pats,tbl_ClientDemo1,1,1,48,cltSTAND,0,0,NULL,bit,1,1,0,NULL,1,NULL,NULL,1-1-048
BHG_DR,13,pats,tbl_ClientDemo1,1,1,49,cltSPECIAL,0,0,NULL,varchar,50,0,0,NULL,1,NULL,NULL,1-1-049
BHG_DR,13,pats,tbl_ClientDemo1,1,1,50,cltdtLastUA,0,0,NULL,varchar,25,0,0,NULL,1,NULL,NULL,1-1-050
BHG_DR,13,pats,tbl_ClientDemo1,1,1,51,AMSID,0,0,NULL,varchar,100,0,0,NULL,1,NULL,NULL,1-1-051
BHG_DR,13,pats,tbl_ClientDemo1,1,1,52,cltNOCENSUS,0,0,NULL,bit,1,1,0,NULL,1,NULL,NULL,1-1-052
BHG_DR,13,pats,tbl_ClientDemo1,1,1,53,cltCHANGEUSER,0,0,NULL,varchar,100,0,0,NULL,1,NULL,NULL,1-1-053
BHG_DR,13,pats,tbl_ClientDemo1,1,1,54,repOldClt,0,0,NULL,numeric,9,18,0,NULL,1,NULL,NULL,1-1-054
BHG_DR,13,pats,tbl_ClientDemo1,1,1,56,dtuaweekly,0,0,NULL,datetime,8,23,3,NULL,1,NULL,NULL,1-1-056
BHG_DR,13,pats,tbl_ClientDemo1,1,1,57,cltMARRY,1,1,NULL,varchar,50,0,0,Marital,1,NULL,NULL,1-1-057
BHG_DR,13,pats,tbl_ClientDemo1,1,1,58,cltOptIn,0,0,NULL,bit,1,1,0,NULL,1,NULL,NULL,1-1-058
BHG_DR,13,pats,tbl_ClientDemo1,1,1,59,cltCONTTXDT,0,0,NULL,date,3,10,0,NULL,1,NULL,NULL,1-1-059
BHG_DR,13,pats,tbl_ClientDemo1,1,1,60,cltcredit,0,0,NULL,int,4,10,0,NULL,1,NULL,NULL,1-1-060
BHG_DR,13,pats,tbl_ClientDemo1,1,1,61,cltINS,0,0,NULL,varchar,50,0,0,NULL,1,NULL,NULL,1-1-061
BHG_DR,13,pats,tbl_ClientDemo1,1,1,62,cltRISK,0,0,NULL,varchar,50,0,0,NULL,1,NULL,NULL,1-1-062
BHG_DR,13,pats,tbl_ClientDemo1,1,1,63,cltemail,1,1,NULL,varchar,100,0,0,email,1,NULL,NULL,1-1-063
BHG_DR,13,pats,tbl_ClientDemo1,1,1,64,clt3pBack,0,0,NULL,varchar,150,0,0,NULL,1,NULL,NULL,1-1-064
BHG_DR,13,pats,tbl_ClientDemo1,1,1,65,clt3pfront,0,0,NULL,varchar,150,0,0,NULL,1,NULL,NULL,1-1-065
BHG_DR,13,pats,tbl_ClientDemo1,1,1,66,cltBIWEEKUA,0,0,NULL,bit,1,1,0,NULL,1,NULL,NULL,1-1-066
BHG_DR,13,pats,tbl_ClientDemo1,1,1,67,cltnursenote,0,0,NULL,varchar,-1,0,0,NULL,1,NULL,NULL,1-1-067
BHG_DR,13,pats,tbl_ClientDemo1,1,1,68,cltPANEL,0,0,NULL,varchar,100,0,0,NULL,1,NULL,NULL,1-1-068
BHG_DR,13,pats,tbl_ClientDemo1,1,1,69,cltPAYDAY,0,0,NULL,varchar,50,0,0,NULL,1,NULL,NULL,1-1-069
BHG_DR,13,pats,tbl_ClientDemo1,1,1,70,cltEmpStatus,1,1,NULL,varchar,50,0,0,EmpStatus,1,NULL,NULL,1-1-070
BHG_DR,13,pats,tbl_ClientDemo1,1,1,71,cltFingerPrint1,0,0,NULL,varbinary,-1,0,0,NULL,1,NULL,NULL,1-1-071
BHG_DR,13,pats,tbl_ClientDemo1,1,1,72,cltFingerPrint2,0,0,NULL,varbinary,-1,0,0,NULL,1,NULL,NULL,1-1-072
BHG_DR,13,pats,tbl_ClientDemo1,1,1,73,clt911Name,0,0,NULL,varchar,50,0,0,NULL,1,NULL,NULL,1-1-073
BHG_DR,13,pats,tbl_ClientDemo1,1,1,74,clt911PH,0,0,NULL,varchar,50,0,0,NULL,1,NULL,NULL,1-1-074
BHG_DR,13,pats,tbl_ClientDemo1,1,1,75,clt911Relation,0,0,NULL,varchar,50,0,0,NULL,1,NULL,NULL,1-1-075
BHG_DR,13,pats,tbl_ClientDemo1,1,1,76,cltHolidayPickup,0,0,NULL,bit,1,1,0,NULL,1,NULL,NULL,1-1-076
BHG_DR,13,pats,tbl_ClientDemo1,1,1,77,cltPregEDC,1,1,NULL,date,3,10,0,PregEDC,1,NULL,NULL,1-1-077
BHG_DR,13,pats,tbl_ClientDemo1,1,1,78,cltSuffix,1,1,NULL,varchar,50,0,0,Suffix,1,NULL,NULL,1-1-078
BHG_DR,13,pats,tbl_ClientDemo1,1,1,79,ddapid,0,0,NULL,bigint,8,19,0,NULL,1,NULL,NULL,1-1-079
BHG_DR,13,pats,tbl_ClientDemo1,1,1,80,provclt,0,0,NULL,bigint,8,19,0,NULL,1,NULL,NULL,1-1-080
BHG_DR,13,pats,tbl_ClientDemo1,1,1,81,provcltID,0,0,NULL,bigint,8,19,0,NULL,1,NULL,NULL,1-1-081
BHG_DR,13,pats,tbl_ClientDemo1,1,1,82,cltBackFee,0,0,NULL,money,8,19,4,NULL,1,NULL,NULL,1-1-082
BHG_DR,13,pats,tbl_ClientDemo1,1,1,83,cltCounty,1,1,NULL,varchar,75,0,0,County,1,NULL,NULL,1-1-083
BHG_DR,13,pats,tbl_ClientDemo1,1,1,84,isSalesForceSync,0,0,NULL,int,4,10,0,NULL,1,NULL,NULL,1-1-084
BHG_DR,13,pats,tbl_ClientDemo1,1,1,85,salesForceId,0,0,NULL,varchar,500,0,0,NULL,1,NULL,NULL,1-1-085
BHG_DR,14,pats,tbl_ClientDemo2,1,2,0,@SiteCode,1,1,1,Parameter,25,0,0,SiteCode,0,@SiteCode,NULL,1-2-000
BHG_DR,14,pats,tbl_ClientDemo2,1,2,1,cltID,1,1,2,int,4,10,0,ClientID,0,NULL,NULL,1-2-001
BHG_DR,14,pats,tbl_ClientDemo2,1,2,2,cltM4ID,0,0,NULL,varchar,50,0,0,NULL,1,NULL,NULL,1-2-002
BHG_DR,14,pats,tbl_ClientDemo2,1,2,3,cltFName,0,0,NULL,varchar,50,0,0,NULL,1,NULL,NULL,1-2-003
BHG_DR,14,pats,tbl_ClientDemo2,1,2,4,cltMI,0,0,NULL,varchar,50,0,0,NULL,1,NULL,NULL,1-2-004
BHG_DR,14,pats,tbl_ClientDemo2,1,2,5,cltLName,0,0,NULL,varchar,50,0,0,NULL,1,NULL,NULL,1-2-005
BHG_DR,14,pats,tbl_ClientDemo2,1,2,6,cltDOB,0,0,NULL,datetime,8,23,3,NULL,1,NULL,NULL,1-2-006
BHG_DR,14,pats,tbl_ClientDemo2,1,2,7,cltGender,0,0,NULL,varchar,50,0,0,NULL,1,NULL,NULL,1-2-007
BHG_DR,14,pats,tbl_ClientDemo2,1,2,8,cltSSN,0,0,NULL,varchar,50,0,0,NULL,1,NULL,NULL,1-2-008
BHG_DR,14,pats,tbl_ClientDemo2,1,2,9,cltSize,0,0,NULL,int,4,10,0,NULL,1,NULL,NULL,1-2-009
BHG_DR,14,pats,tbl_ClientDemo2,1,2,10,cltADD1,0,0,NULL,varchar,50,0,0,NULL,1,NULL,NULL,1-2-010
BHG_DR,14,pats,tbl_ClientDemo2,1,2,11,cltADD2,0,0,NULL,varchar,50,0,0,NULL,1,NULL,NULL,1-2-011
BHG_DR,14,pats,tbl_ClientDemo2,1,2,12,cltCity,0,0,NULL,varchar,50,0,0,NULL,1,NULL,NULL,1-2-012
BHG_DR,14,pats,tbl_ClientDemo2,1,2,13,cltState,0,0,NULL,varchar,50,0,0,NULL,1,NULL,NULL,1-2-013
BHG_DR,14,pats,tbl_ClientDemo2,1,2,14,cltzip,0,0,NULL,varchar,50,0,0,NULL,1,NULL,NULL,1-2-014
BHG_DR,14,pats,tbl_ClientDemo2,1,2,15,cltPhone,0,0,NULL,varchar,50,0,0,NULL,1,NULL,NULL,1-2-015
BHG_DR,14,pats,tbl_ClientDemo2,1,2,16,cltEmployer,0,0,NULL,varchar,50,0,0,NULL,1,NULL,NULL,1-2-016
BHG_DR,14,pats,tbl_ClientDemo2,1,2,17,cltWorkPh,0,0,NULL,varchar,50,0,0,NULL,1,NULL,NULL,1-2-017
BHG_DR,14,pats,tbl_ClientDemo2,1,2,18,cltIncome,0,0,NULL,varchar,100,0,0,NULL,1,NULL,NULL,1-2-018
BHG_DR,14,pats,tbl_ClientDemo2,1,2,19,cltEducation,0,0,NULL,varchar,50,0,0,NULL,1,NULL,NULL,1-2-019
BHG_DR,14,pats,tbl_ClientDemo2,1,2,20,cltHair,0,0,NULL,varchar,50,0,0,NULL,1,NULL,NULL,1-2-020
BHG_DR,14,pats,tbl_ClientDemo2,1,2,21,cltEye,0,0,NULL,varchar,50,0,0,NULL,1,NULL,NULL,1-2-021
BHG_DR,14,pats,tbl_ClientDemo2,1,2,22,cltH,0,0,NULL,varchar,50,0,0,NULL,1,NULL,NULL,1-2-022
BHG_DR,14,pats,tbl_ClientDemo2,1,2,23,cltW,0,0,NULL,varchar,50,0,0,NULL,1,NULL,NULL,1-2-023
BHG_DR,14,pats,tbl_ClientDemo2,1,2,24,cltRace,0,0,NULL,varchar,50,0,0,NULL,1,NULL,NULL,1-2-024
BHG_DR,14,pats,tbl_ClientDemo2,1,2,25,cltCounselor,1,1,NULL,varchar,50,0,0,Counselor,1,NULL,NULL,1-2-025
BHG_DR,14,pats,tbl_ClientDemo2,1,2,26,cltStatus,1,1,NULL,varchar,50,0,0,[Status],1,NULL,NULL,1-2-026
BHG_DR,14,pats,tbl_ClientDemo2,1,2,27,cltProg,1,1,NULL,varchar,50,0,0,Prog,1,NULL,NULL,1-2-027
BHG_DR,14,pats,tbl_ClientDemo2,1,2,28,cltdtadded,1,1,NULL,datetime,8,23,3,DateAdded,1,NULL,NULL,1-2-028
BHG_DR,14,pats,tbl_ClientDemo2,1,2,29,cltAmount,1,1,NULL,varchar,50,0,0,Amount,1,NULL,NULL,1-2-029
BHG_DR,14,pats,tbl_ClientDemo2,1,2,30,cltFreq,1,1,NULL,varchar,50,0,0,Freq,1,NULL,NULL,1-2-030
BHG_DR,14,pats,tbl_ClientDemo2,1,2,31,cltDOW1,1,1,NULL,varchar,50,0,0,DOW1,1,NULL,NULL,1-2-031
BHG_DR,14,pats,tbl_ClientDemo2,1,2,32,cltDOW2,1,1,NULL,varchar,50,0,0,DOW2,1,NULL,NULL,1-2-032
BHG_DR,14,pats,tbl_ClientDemo2,1,2,33,cltNextBill,1,1,NULL,datetime,8,23,3,NextBill,1,NULL,NULL,1-2-033
BHG_DR,14,pats,tbl_ClientDemo2,1,2,34,cltLastBill,1,1,NULL,datetime,8,23,3,LastBill,1,NULL,NULL,1-2-034
BHG_DR,14,pats,tbl_ClientDemo2,1,2,35,dtNextTP,1,1,NULL,datetime,8,23,3,NextTP,1,NULL,NULL,1-2-035
BHG_DR,14,pats,tbl_ClientDemo2,1,2,36,dtPhysTB,1,1,NULL,datetime,8,23,3,PhysTB,1,NULL,NULL,1-2-036
BHG_DR,14,pats,tbl_ClientDemo2,1,2,37,Monthly,1,1,NULL,bit,1,1,0,Monthly,1,NULL,NULL,1-2-037
BHG_DR,14,pats,tbl_ClientDemo2,1,2,38,cltBOTTLES,1,1,NULL,smallint,2,5,0,Bottles,1,NULL,NULL,1-2-038
BHG_DR,14,pats,tbl_ClientDemo2,1,2,39,cltPICPATH,1,1,NULL,varchar,150,0,0,PicPath,1,NULL,NULL,1-2-039
BHG_DR,14,pats,tbl_ClientDemo2,1,2,40,cltpreg,0,0,NULL,bit,1,1,0,NULL,1,NULL,NULL,1-2-040
BHG_DR,14,pats,tbl_ClientDemo2,1,2,41,cltREMARKS,0,0,NULL,ntext,16,0,0,Remarks,1,NULL,NULL,1-2-041
BHG_DR,14,pats,tbl_ClientDemo2,1,2,42,cltRIN,1,1,NULL,varchar,50,0,0,RIN,1,NULL,NULL,1-2-042
BHG_DR,14,pats,tbl_ClientDemo2,1,2,43,cltETH,1,1,NULL,varchar,50,0,0,ETH,1,NULL,NULL,1-2-043
BHG_DR,14,pats,tbl_ClientDemo2,1,2,44,cltMedicaid,1,1,NULL,bit,1,1,0,Medicaid,1,NULL,NULL,1-2-044
BHG_DR,14,pats,tbl_ClientDemo2,1,2,45,cltENROLLdt,1,1,NULL,datetime,8,23,3,EnrollDate,1,NULL,NULL,1-2-045
BHG_DR,14,pats,tbl_ClientDemo2,1,2,46,cltLANG,0,0,NULL,varchar,50,0,0,NULL,1,NULL,NULL,1-2-046
BHG_DR,14,pats,tbl_ClientDemo2,1,2,47,cltBULK,1,1,NULL,bit,1,1,0,[Bulk],1,NULL,NULL,1-2-047
BHG_DR,14,pats,tbl_ClientDemo2,1,2,48,cltSTAND,1,1,NULL,bit,1,1,0,Stand,1,NULL,NULL,1-2-048
BHG_DR,14,pats,tbl_ClientDemo2,1,2,49,cltSPECIAL,1,1,NULL,varchar,50,0,0,Special,1,NULL,NULL,1-2-049
BHG_DR,14,pats,tbl_ClientDemo2,1,2,50,cltdtLastUA,1,1,NULL,varchar,25,0,0,dtLastUA,1,NULL,NULL,1-2-050
BHG_DR,14,pats,tbl_ClientDemo2,1,2,51,AMSID,1,1,NULL,varchar,100,0,0,Amsid,1,NULL,NULL,1-2-051
BHG_DR,14,pats,tbl_ClientDemo2,1,2,52,cltNOCENSUS,1,1,NULL,bit,1,1,0,NoCensus,1,NULL,NULL,1-2-052
BHG_DR,14,pats,tbl_ClientDemo2,1,2,53,cltCHANGEUSER,1,1,NULL,varchar,100,0,0,ChangeUser,1,NULL,NULL,1-2-053
BHG_DR,14,pats,tbl_ClientDemo2,1,2,54,repOldClt,1,1,NULL,numeric,9,18,0,RepOldClient,1,NULL,NULL,1-2-054
BHG_DR,14,pats,tbl_ClientDemo2,1,2,56,dtuaweekly,1,1,NULL,datetime,8,23,3,UAWeekly,1,NULL,NULL,1-2-056
BHG_DR,14,pats,tbl_ClientDemo2,1,2,57,cltMARRY,0,0,NULL,varchar,50,0,0,NULL,1,NULL,NULL,1-2-057
BHG_DR,14,pats,tbl_ClientDemo2,1,2,58,cltOptIn,1,1,NULL,bit,1,1,0,OptIn,1,NULL,NULL,1-2-058
BHG_DR,14,pats,tbl_ClientDemo2,1,2,59,cltCONTTXDT,1,1,NULL,date,3,10,0,ContTxDt,1,NULL,NULL,1-2-059
BHG_DR,14,pats,tbl_ClientDemo2,1,2,60,cltcredit,1,1,NULL,int,4,10,0,Credit,1,NULL,NULL,1-2-060
BHG_DR,14,pats,tbl_ClientDemo2,1,2,61,cltINS,1,1,NULL,varchar,50,0,0,INS,1,NULL,NULL,1-2-061
BHG_DR,14,pats,tbl_ClientDemo2,1,2,62,cltRISK,1,1,NULL,varchar,50,0,0,Risk,1,NULL,NULL,1-2-062
BHG_DR,14,pats,tbl_ClientDemo2,1,2,63,cltemail,0,0,NULL,varchar,100,0,0,NULL,1,NULL,NULL,1-2-063
BHG_DR,14,pats,tbl_ClientDemo2,1,2,64,clt3pBack,1,1,NULL,varchar,150,0,0,Clt3pBack,1,NULL,NULL,1-2-064
BHG_DR,14,pats,tbl_ClientDemo2,1,2,65,clt3pfront,1,1,NULL,varchar,150,0,0,Clt3pFront,1,NULL,NULL,1-2-065
BHG_DR,14,pats,tbl_ClientDemo2,1,2,66,cltBIWEEKUA,1,1,NULL,bit,1,1,0,BiWeeklyUA,1,NULL,NULL,1-2-066
BHG_DR,14,pats,tbl_ClientDemo2,1,2,67,cltnursenote,1,1,NULL,varchar,-1,0,0,NurseNotes,1,NULL,NULL,1-2-067
BHG_DR,14,pats,tbl_ClientDemo2,1,2,68,cltPANEL,1,1,NULL,varchar,100,0,0,Panel,1,NULL,NULL,1-2-068
BHG_DR,14,pats,tbl_ClientDemo2,1,2,69,cltPAYDAY,1,1,NULL,varchar,50,0,0,PayDay,1,NULL,NULL,1-2-069
BHG_DR,14,pats,tbl_ClientDemo2,1,2,70,cltEmpStatus,0,0,NULL,varchar,50,0,0,NULL,1,NULL,NULL,1-2-070
BHG_DR,14,pats,tbl_ClientDemo2,1,2,71,cltFingerPrint1,0,0,NULL,varbinary,-1,0,0,FingerPrint1,1,NULL,NULL,1-2-071
BHG_DR,14,pats,tbl_ClientDemo2,1,2,72,cltFingerPrint2,0,0,NULL,varbinary,-1,0,0,FingerPrint2,1,NULL,NULL,1-2-072
BHG_DR,14,pats,tbl_ClientDemo2,1,2,73,clt911Name,1,1,NULL,varchar,50,0,0,Clt911Name,1,NULL,NULL,1-2-073
BHG_DR,14,pats,tbl_ClientDemo2,1,2,74,clt911PH,1,1,NULL,varchar,50,0,0,Clt911Ph,1,NULL,NULL,1-2-074
BHG_DR,14,pats,tbl_ClientDemo2,1,2,75,clt911Relation,1,1,NULL,varchar,50,0,0,Clt911Relation,1,NULL,NULL,1-2-075
BHG_DR,14,pats,tbl_ClientDemo2,1,2,76,cltHolidayPickup,1,1,NULL,bit,1,1,0,HolidayPickup,1,NULL,NULL,1-2-076
BHG_DR,14,pats,tbl_ClientDemo2,1,2,77,cltPregEDC,0,0,NULL,date,3,10,0,NULL,1,NULL,NULL,1-2-077
BHG_DR,14,pats,tbl_ClientDemo2,1,2,78,cltSuffix,0,0,NULL,varchar,50,0,0,NULL,1,NULL,NULL,1-2-078
BHG_DR,14,pats,tbl_ClientDemo2,1,2,79,ddapid,1,1,NULL,bigint,8,19,0,ddaPid,1,NULL,NULL,1-2-079
BHG_DR,14,pats,tbl_ClientDemo2,1,2,80,provclt,1,1,NULL,bigint,8,19,0,ProvClient,1,NULL,NULL,1-2-080
BHG_DR,14,pats,tbl_ClientDemo2,1,2,81,provcltID,1,1,NULL,bigint,8,19,0,ProvClientID,1,NULL,NULL,1-2-081
BHG_DR,14,pats,tbl_ClientDemo2,1,2,82,cltBackFee,1,1,NULL,money,8,19,4,BackFee,1,NULL,NULL,1-2-082
BHG_DR,14,pats,tbl_ClientDemo2,1,2,83,cltCounty,0,0,NULL,varchar,75,0,0,NULL,1,NULL,NULL,1-2-083
BHG_DR,14,pats,tbl_ClientDemo2,1,2,84,isSalesForceSync,0,1,NULL,int,4,10,0,isSalesForceSync,1,NULL,NULL,1-2-084
BHG_DR,14,pats,tbl_ClientDemo2,1,2,85,salesForceId,0,1,NULL,varchar,500,0,0,SalesForceID,1,NULL,NULL,1-2-085
