SourceSystem,FinalFinanceDestinations,TimeZone,SiteCode,ActionKey,StepKey,Enabled,ConType,ConnectionID,ConName,ConStr,dbName,CtrlMethod,EnrollCutoff,ContractDate,ClinicName,IsActive,IsNewSchema,SrcSchema,FromTblVw,DsnSchema,DsnTbl,WhereCondition,SortOrder,ReInitialize,SchemaVersion,CompKey,RowTrax
BHG_DR,pats.tbl_ClientDemo1 + pats.tbl_ClientDemo2,EST,AHK,1,30,1,SQL,2,SAMMS,Data Source=BHGDALLSQL05\SQL2016SAMMS;Connection Timeout=60;Integrated Security=True;Encrypt=False;Initial Catalog=SAMMS-Ahoskie ;,"SAMMS-Ahoskie ",Select,NULL,NULL,Ahoskie,1,1,dbo,tblclient,stg,ClientDemo,1 = 1,"Order by 1, 2",0,V6,AHK-1-30,NULL
BHG_DR,pats.tbl_ClientDemo1 + pats.tbl_ClientDemo2,MST,B12B,1,30,1,SQL,2,SAMMS,Data Source=BHGDALLSQL05\SQL2016SAMMS;Connection Timeout=60;Integrated Security=True;Encrypt=False;Initial Catalog=SAMMS-ColoradoSpringsV5;,SAMMS-ColoradoSpringsV5,Select,NULL,NULL,Colorado Springs,1,0,dbo,tblclient,stg,ClientDemo,1 = 1,"Order by 1, 2",0,V6,B12B-1-30,NULL
BHG_DR,pats.tbl_ClientDemo1 + pats.tbl_ClientDemo2,CST,B24,1,30,1,SQL,2,SAMMS,Data Source=BHGDALLSQL05\SQL2016SAMMS;Connection Timeout=60;Integrated Security=True;Encrypt=False;Initial Catalog=SAMMS-PaintsvilleV5;,SAMMS-PaintsvilleV5,Select,NULL,NULL,Paintsville,1,1,dbo,tblclient,stg,ClientDemo,1 = 1,"Order by 1, 2",0,V6,B24-1-30,NULL
BHG_DR,pats.tbl_ClientDemo1 + pats.tbl_ClientDemo2,CST,B25,1,30,1,SQL,2,SAMMS,Data Source=BHGDALLSQL05\SQL2016SAMMS;Connection Timeout=60;Integrated Security=True;Encrypt=False;Initial Catalog=SAMMS-PikevilleV5;,SAMMS-PikevilleV5,Select,NULL,NULL,Pikeville,1,1,dbo,tblclient,stg,ClientDemo,1 = 1,"Order by 1, 2",0,V6,B25-1-30,NULL
BHG_DR,pats.tbl_ClientDemo1 + pats.tbl_ClientDemo2,CST,B26,1,30,1,SQL,2,SAMMS,Data Source=BHGDALLSQL05\SQL2016SAMMS;Connection Timeout=60;Integrated Security=True;Encrypt=False;Initial Catalog=SAMMS-HazardV5;,SAMMS-HazardV5,Select,NULL,NULL,Hazard,1,0,dbo,tblclient,stg,ClientDemo,1 = 1,"Order by 1, 2",0,V6,B26-1-30,NULL
BHG_DR,pats.tbl_ClientDemo1 + pats.tbl_ClientDemo2,EST,B27,1,30,1,SQL,2,SAMMS,Data Source=BHGDALLSQL05\SQL2016SAMMS;Connection Timeout=60;Integrated Security=True;Encrypt=False;Initial Catalog=SAMMS-SavannahV6;,SAMMS-SavannahV6,Select,2022-09-14,NULL,Savannah,1,1,dbo,tblclient,stg,ClientDemo,1 = 1,"Order by 1, 2",0,V6,B27-1-30,NULL
BHG_DR,pats.tbl_ClientDemo1 + pats.tbl_ClientDemo2,CST,B28,1,30,1,SQL,2,SAMMS,Data Source=BHGDALLSQL05\SQL2016SAMMS;Connection Timeout=60;Integrated Security=True;Encrypt=False;Initial Catalog=SAMMS-WestPlainesV5;,SAMMS-WestPlainesV5,Select,NULL,NULL,West Plains,1,0,dbo,tblclient,stg,ClientDemo,1 = 1,"Order by 1, 2",0,V6,B28-1-30,NULL
BHG_DR,pats.tbl_ClientDemo1 + pats.tbl_ClientDemo2,CST,B29,1,30,1,SQL,2,SAMMS,Data Source=BHGDALLSQL05\SQL2016SAMMS;Connection Timeout=60;Integrated Security=True;Encrypt=False;Initial Catalog=SAMMS-PoplarBluffV5;,SAMMS-PoplarBluffV5,Select,NULL,NULL,Poplar Bluff,1,0,dbo,tblclient,stg,ClientDemo,1 = 1,"Order by 1, 2",0,V6,B29-1-30,NULL
BHG_DR,pats.tbl_ClientDemo1 + pats.tbl_ClientDemo2,CST,B30,1,30,1,SQL,2,SAMMS,Data Source=BHGDALLSQL05\SQL2016SAMMS;Connection Timeout=60;Integrated Security=True;Encrypt=False;Initial Catalog=SAMMS-KCNv5;,SAMMS-KCNv5,Select,2016-02-01,NULL,KC North,1,0,dbo,tblclient,stg,ClientDemo,1 = 1,"Order by 1, 2",0,V6,B30-1-30,NULL
BHG_DR,pats.tbl_ClientDemo1 + pats.tbl_ClientDemo2,EST,B31,1,30,1,SQL,2,SAMMS,Data Source=BHGDALLSQL05\SQL2016SAMMS;Connection Timeout=60;Integrated Security=True;Encrypt=False;Initial Catalog=SAMMS-DyersburgV5;,SAMMS-DyersburgV5,Select,NULL,NULL,Dyersburg,1,0,dbo,tblclient,stg,ClientDemo,1 = 1,"Order by 1, 2",0,V6,B31-1-30,NULL
BHG_DR,pats.tbl_ClientDemo1 + pats.tbl_ClientDemo2,CST,B33,1,30,1,SQL,2,SAMMS,Data Source=BHGDALLSQL05\SQL2016SAMMS;Connection Timeout=60;Integrated Security=True;Encrypt=False;Initial Catalog=SAMMS-Paducah;,SAMMS-Paducah,Select,NULL,NULL,Paducah,1,0,dbo,tblclient,stg,ClientDemo,1 = 1,"Order by 1, 2",0,V6,B33-1-30,NULL
BHG_DR,pats.tbl_ClientDemo1 + pats.tbl_ClientDemo2,CST,B34,1,30,1,SQL,2,SAMMS,Data Source=BHGDALLSQL05\SQL2016SAMMS;Connection Timeout=60;Integrated Security=True;Encrypt=False;Initial Catalog=SAMMS-CorbinV5;,SAMMS-CorbinV5,Select,NULL,NULL,Corbin,1,0,dbo,tblclient,stg,ClientDemo,1 = 1,"Order by 1, 2",0,V6,B34-1-30,NULL
BHG_DR,pats.tbl_ClientDemo1 + pats.tbl_ClientDemo2,CST,B35,1,30,1,SQL,2,SAMMS,Data Source=BHGDALLSQL05\SQL2016SAMMS;Connection Timeout=60;Integrated Security=True;Encrypt=False;Initial Catalog=SAMMS-LexingtonV5;,SAMMS-LexingtonV5,Select,NULL,NULL,Lexington,1,1,dbo,tblclient,stg,ClientDemo,1 = 1,"Order by 1, 2",0,V6,B35-1-30,NULL
BHG_DR,pats.tbl_ClientDemo1 + pats.tbl_ClientDemo2,CST,B35A,1,30,1,SQL,2,SAMMS,Data Source=BHGDALLSQL05\SQL2016SAMMS;Connection Timeout=60;Integrated Security=True;Encrypt=False;Initial Catalog=SAMMS-BereaV5;,SAMMS-BereaV5,Select,2018-06-01,NULL,Berea,1,0,dbo,tblclient,stg,ClientDemo,1 = 1,"Order by 1, 2",0,V6,B35A-1-30,NULL
BHG_DR,pats.tbl_ClientDemo1 + pats.tbl_ClientDemo2,EST,B36,1,30,1,SQL,2,SAMMS,Data Source=BHGDALLSQL05\SQL2016SAMMS;Connection Timeout=60;Integrated Security=True;Encrypt=False;Initial Catalog=SAMMS-AshevilleV5;,SAMMS-AshevilleV5,Select,2015-09-07,NULL,Asheville,1,0,dbo,tblclient,stg,ClientDemo,1 = 1,"Order by 1, 2",0,V6,B36-1-30,NULL
BHG_DR,pats.tbl_ClientDemo1 + pats.tbl_ClientDemo2,EST,B37,1,30,1,SQL,2,SAMMS,Data Source=BHGDALLSQL05\SQL2016SAMMS;Connection Timeout=60;Integrated Security=True;Encrypt=False;Initial Catalog=SAMMS-ClydeV5;,SAMMS-ClydeV5,Select,2015-09-07,NULL,Clyde,1,0,dbo,tblclient,stg,ClientDemo,1 = 1,"Order by 1, 2",0,V6,B37-1-30,NULL
BHG_DR,pats.tbl_ClientDemo1 + pats.tbl_ClientDemo2,EST,B38,1,30,1,SQL,2,SAMMS,Data Source=BHGDALLSQL05\SQL2016SAMMS;Connection Timeout=60;Integrated Security=True;Encrypt=False;Initial Catalog=SAMMS-SpartanburgV5;,SAMMS-SpartanburgV5,Select,2016-07-25,NULL,Spartanburg,1,0,dbo,tblclient,stg,ClientDemo,1 = 1,"Order by 1, 2",0,V6,B38-1-30,NULL
BHG_DR,pats.tbl_ClientDemo1 + pats.tbl_ClientDemo2,EST,B39,1,30,1,SQL,2,SAMMS,Data Source=BHGDALLSQL05\SQL2016SAMMS;Connection Timeout=60;Integrated Security=True;Encrypt=False;Initial Catalog=SAMMS-AikenV5;,SAMMS-AikenV5,Select,2016-07-25,NULL,Aiken,1,0,dbo,tblclient,stg,ClientDemo,1 = 1,"Order by 1, 2",0,V6,B39-1-30,NULL
BHG_DR,pats.tbl_ClientDemo1 + pats.tbl_ClientDemo2,EST,B41,1,30,1,SQL,2,SAMMS,Data Source=BHGDALLSQL05\SQL2016SAMMS;Connection Timeout=60;Integrated Security=True;Encrypt=False;Initial Catalog=SAMMS-ChesapeakeV5;,SAMMS-ChesapeakeV5,Select,2016-10-24,NULL,Chesapeake,1,0,dbo,tblclient,stg,ClientDemo,1 = 1,"Order by 1, 2",0,V6,B41-1-30,NULL
BHG_DR,pats.tbl_ClientDemo1 + pats.tbl_ClientDemo2,EST,B42,1,30,1,SQL,2,SAMMS,Data Source=BHGDALLSQL05\SQL2016SAMMS;Connection Timeout=60;Integrated Security=True;Encrypt=False;Initial Catalog=SAMMS-VirginiaBeachV5;,SAMMS-VirginiaBeachV5,Select,2016-10-24,NULL,Virginia Beach,1,0,dbo,tblclient,stg,ClientDemo,1 = 1,"Order by 1, 2",0,V6,B42-1-30,NULL
BHG_DR,pats.tbl_ClientDemo1 + pats.tbl_ClientDemo2,EST,B42A,1,30,1,SQL,2,SAMMS,Data Source=BHGDALLSQL05\SQL2016SAMMS;Connection Timeout=60;Integrated Security=True;Encrypt=False;Initial Catalog=SAMMS-NewportNewsV5;,SAMMS-NewportNewsV5,Select,2018-12-06,NULL,Newport News,1,0,dbo,tblclient,stg,ClientDemo,1 = 1,"Order by 1, 2",0,V6,B42A-1-30,NULL
BHG_DR,pats.tbl_ClientDemo1 + pats.tbl_ClientDemo2,EST,B42B,1,30,1,SQL,2,SAMMS,Data Source=BHGDALLSQL05\SQL2016SAMMS;Connection Timeout=60;Integrated Security=True;Encrypt=False;Initial Catalog=SAMMS-FranklinV5;,SAMMS-FranklinV5,Select,2018-12-19,NULL,Franklin,1,0,dbo,tblclient,stg,ClientDemo,1 = 1,"Order by 1, 2",0,V6,B42B-1-30,NULL
BHG_DR,pats.tbl_ClientDemo1 + pats.tbl_ClientDemo2,EST,B42C,1,30,1,SQL,2,SAMMS,Data Source=BHGDALLSQL05\SQL2016SAMMS;Connection Timeout=60;Integrated Security=True;Encrypt=False;Initial Catalog=SAMMS-GlenAllenV5;,SAMMS-GlenAllenV5,Select,2019-07-17,NULL,Glen Allen,1,0,dbo,tblclient,stg,ClientDemo,1 = 1,"Order by 1, 2",0,V6,B42C-1-30,NULL
BHG_DR,pats.tbl_ClientDemo1 + pats.tbl_ClientDemo2,EST,B42D,1,30,1,SQL,2,SAMMS,Data Source=BHGDALLSQL05\SQL2016SAMMS;Connection Timeout=60;Integrated Security=True;Encrypt=False;Initial Catalog=SAMMS-ChesapeakeSouthV5;,SAMMS-ChesapeakeSouthV5,Select,2019-06-11,NULL,Chesapeake South,1,0,dbo,tblclient,stg,ClientDemo,1 = 1,"Order by 1, 2",0,V6,B42D-1-30,NULL
BHG_DR,pats.tbl_ClientDemo1 + pats.tbl_ClientDemo2,EST,B44,1,30,1,SQL,2,SAMMS,Data Source=BHGDALLSQL05\SQL2016SAMMS;Connection Timeout=60;Integrated Security=True;Encrypt=False;Initial Catalog=SAMMS-AlbanyV5;,SAMMS-AlbanyV5,Select,2017-06-19,NULL,Albany,1,0,dbo,tblclient,stg,ClientDemo,1 = 1,"Order by 1, 2",0,V6,B44-1-30,NULL
BHG_DR,pats.tbl_ClientDemo1 + pats.tbl_ClientDemo2,EST,B45,1,30,1,SQL,2,SAMMS,Data Source=BHGDALLSQL05\SQL2016SAMMS;Connection Timeout=60;Integrated Security=True;Encrypt=False;Initial Catalog=SAMMS-TiftonV5;,SAMMS-TiftonV5,Select,2017-06-19,NULL,Tifton,1,0,dbo,tblclient,stg,ClientDemo,1 = 1,"Order by 1, 2",0,V6,B45-1-30,NULL
BHG_DR,pats.tbl_ClientDemo1 + pats.tbl_ClientDemo2,CST,B46,1,30,1,SQL,2,SAMMS,Data Source=BHGDALLSQL05\SQL2016SAMMS;Connection Timeout=60;Integrated Security=True;Encrypt=False;Initial Catalog=SAMMS-WashingtonDCv5;,SAMMS-WashingtonDCv5,Select,2019-03-20,NULL,Washington DC,1,0,dbo,tblclient,stg,ClientDemo,1 = 1,"Order by 1, 2",0,V6,B46-1-30,NULL
BHG_DR,pats.tbl_ClientDemo1 + pats.tbl_ClientDemo2,CST,B47,1,30,1,SQL,2,SAMMS,Data Source=BHGDALLSQL05\SQL2016SAMMS;Connection Timeout=60;Integrated Security=True;Encrypt=False;Initial Catalog=SAMMS-MobileV5;,SAMMS-MobileV5,Select,2019-09-10,NULL,Mobile,1,0,dbo,tblclient,stg,ClientDemo,1 = 1,"Order by 1, 2",0,V6,B47-1-30,NULL
BHG_DR,pats.tbl_ClientDemo1 + pats.tbl_ClientDemo2,CST,B48,1,30,1,SQL,2,SAMMS,Data Source=BHGDALLSQL05\SQL2016SAMMS;Connection Timeout=60;Integrated Security=True;Encrypt=False;Initial Catalog=SAMMS-TuscaloosaV5;,SAMMS-TuscaloosaV5,Select,2017-11-19,NULL,Tuscaloosa,1,0,dbo,tblclient,stg,ClientDemo,1 = 1,"Order by 1, 2",0,V6,B48-1-30,NULL
BHG_DR,pats.tbl_ClientDemo1 + pats.tbl_ClientDemo2,CST,B51,1,30,1,SQL,2,SAMMS,Data Source=BHGDALLSQL05\SQL2016SAMMS;Connection Timeout=60;Integrated Security=True;Encrypt=False;Initial Catalog=SAMMS-NorthLittleRockV6;,SAMMS-NorthLittleRockV6,Select,2019-11-15,NULL,N. Little Rock (OTP),1,0,dbo,tblclient,stg,ClientDemo,1 = 1,"Order by 1, 2",0,V6,B51-1-30,NULL
BHG_DR,pats.tbl_ClientDemo1 + pats.tbl_ClientDemo2,EST,B52,1,30,1,SQL,2,SAMMS,Data Source=BHGDALLSQL05\SQL2016SAMMS;Connection Timeout=60;Integrated Security=True;Encrypt=False;Initial Catalog=SAMMS-JacksonGAV5;,SAMMS-JacksonGAV5,Select,2018-06-01,NULL,Jackson GA,1,0,dbo,tblclient,stg,ClientDemo,1 = 1,"Order by 1, 2",0,V6,B52-1-30,NULL
BHG_DR,pats.tbl_ClientDemo1 + pats.tbl_ClientDemo2,CST,B54,1,30,1,SQL,2,SAMMS,Data Source=BHGDALLSQL05\SQL2016SAMMS;Connection Timeout=60;Integrated Security=True;Encrypt=False;Initial Catalog=SAMMS-GadsdenV5;,SAMMS-GadsdenV5,Select,2018-06-01,NULL,Gadsden,1,0,dbo,tblclient,stg,ClientDemo,1 = 1,"Order by 1, 2",0,V6,B54-1-30,NULL
BHG_DR,pats.tbl_ClientDemo1 + pats.tbl_ClientDemo2,CST,B55,1,30,1,SQL,2,SAMMS,Data Source=BHGDALLSQL05\SQL2016SAMMS;Connection Timeout=60;Integrated Security=True;Encrypt=False;Initial Catalog=SAMMS-ShoalsV5;,SAMMS-ShoalsV5,Select,2018-04-22,NULL,Shoals,1,0,dbo,tblclient,stg,ClientDemo,1 = 1,"Order by 1, 2",0,V6,B55-1-30,NULL
BHG_DR,pats.tbl_ClientDemo1 + pats.tbl_ClientDemo2,EST,B57,1,30,1,SQL,2,SAMMS,Data Source=BHGDALLSQL05\SQL2016SAMMS;Connection Timeout=60;Integrated Security=True;Encrypt=False;Initial Catalog=SAMMS-Pawtucket;,SAMMS-Pawtucket,Select,2020-09-04,NULL,Pawtucket,1,1,dbo,tblclient,stg,ClientDemo,1 = 1,"Order by 1, 2",0,V6,B57-1-30,NULL
BHG_DR,pats.tbl_ClientDemo1 + pats.tbl_ClientDemo2,EST,B57A,1,30,1,SQL,2,SAMMS,Data Source=BHGDALLSQL05\SQL2016SAMMS;Connection Timeout=60;Integrated Security=True;Encrypt=False;Initial Catalog=SAMMS-Johnston;,SAMMS-Johnston,Select,2021-10-04,NULL,Johnston,1,1,dbo,tblclient,stg,ClientDemo,1 = 1,"Order by 1, 2",0,V6,B57A-1-30,NULL
BHG_DR,pats.tbl_ClientDemo1 + pats.tbl_ClientDemo2,EST,B57B,1,30,1,SQL,2,SAMMS,Data Source=BHGDALLSQL05\SQL2016SAMMS;Connection Timeout=60;Integrated Security=True;Encrypt=False;Initial Catalog=SAMMS-Middletown;,SAMMS-Middletown,Select,2021-10-04,NULL,Middletown,1,1,dbo,tblclient,stg,ClientDemo,1 = 1,"Order by 1, 2",0,V6,B57B-1-30,NULL
BHG_DR,pats.tbl_ClientDemo1 + pats.tbl_ClientDemo2,EST,B57C,1,30,1,SQL,2,SAMMS,Data Source=BHGDALLSQL05\SQL2016SAMMS;Connection Timeout=60;Integrated Security=True;Encrypt=False;Initial Catalog=SAMMS-Providence;,SAMMS-Providence,Select,2021-10-04,NULL,Providence,1,1,dbo,tblclient,stg,ClientDemo,1 = 1,"Order by 1, 2",0,V6,B57C-1-30,NULL
BHG_DR,pats.tbl_ClientDemo1 + pats.tbl_ClientDemo2,EST,B57D,1,30,1,SQL,2,SAMMS,Data Source=BHGDALLSQL05\SQL2016SAMMS;Connection Timeout=60;Integrated Security=True;Encrypt=False;Initial Catalog=SAMMS-Westerly;,SAMMS-Westerly,Select,2021-10-04,NULL,Westerly,1,1,dbo,tblclient,stg,ClientDemo,1 = 1,"Order by 1, 2",0,V6,B57D-1-30,NULL
BHG_DR,pats.tbl_ClientDemo1 + pats.tbl_ClientDemo2,EST,B66A,1,30,1,SQL,2,SAMMS,Data Source=BHGDALLSQL05\SQL2016SAMMS;Connection Timeout=60;Integrated Security=True;Encrypt=False;Initial Catalog=SAMMS-Bremen;,SAMMS-Bremen,Select,NULL,NULL,Bremen,1,1,dbo,tblclient,stg,ClientDemo,1 = 1,"Order by 1, 2",0,V6,B66A-1-30,NULL
BHG_DR,pats.tbl_ClientDemo1 + pats.tbl_ClientDemo2,CST,B72,1,30,1,SQL,2,SAMMS,Data Source=BHGDALLSQL05\SQL2016SAMMS;Connection Timeout=60;Integrated Security=True;Encrypt=False;Initial Catalog=SAMMS-Mobile-OBOT;,SAMMS-Mobile-OBOT,Select,NULL,NULL,Mobile (OBOT),1,1,dbo,tblclient,stg,ClientDemo,1 = 1,"Order by 1, 2",0,V6,B72-1-30,NULL
BHG_DR,pats.tbl_ClientDemo1 + pats.tbl_ClientDemo2,CST,B73,1,30,1,SQL,2,SAMMS,Data Source=BHGDALLSQL05\SQL2016SAMMS;Connection Timeout=60;Integrated Security=True;Encrypt=False;Initial Catalog=SAMMS-Montgomery;,SAMMS-Montgomery,Select,NULL,NULL,Montgomery,1,1,dbo,tblclient,stg,ClientDemo,1 = 1,"Order by 1, 2",0,V6,B73-1-30,NULL
BHG_DR,pats.tbl_ClientDemo1 + pats.tbl_ClientDemo2,CST,B75,1,30,1,SQL,2,SAMMS,Data Source=BHGDALLSQL05\SQL2016SAMMS;Connection Timeout=60;Integrated Security=True;Encrypt=False;Initial Catalog=SAMMS-LawrenceV6;,SAMMS-LawrenceV6,Select,2021-11-09,NULL,Lawrence,1,0,dbo,tblclient,stg,ClientDemo,1 = 1,"Order by 1, 2",0,V6,B75-1-30,NULL
BHG_DR,pats.tbl_ClientDemo1 + pats.tbl_ClientDemo2,CST,B76,1,30,1,SQL,2,SAMMS,Data Source=BHGDALLSQL05\SQL2016SAMMS;Connection Timeout=60;Integrated Security=True;Encrypt=False;Initial Catalog=SAMMS-Huntsville-OBOT;,SAMMS-Huntsville-OBOT,Select,NULL,NULL,Huntsville OBOT,1,0,dbo,tblclient,stg,ClientDemo,1 = 1,"Order by 1, 2",0,V6,B76-1-30,NULL
BHG_DR,pats.tbl_ClientDemo1 + pats.tbl_ClientDemo2,CST,BAT,1,30,1,SQL,2,SAMMS,Data Source=BHGDALLSQL05\SQL2016SAMMS;Connection Timeout=60;Integrated Security=True;Encrypt=False;Initial Catalog=SAMMS-Batesville;,SAMMS-Batesville,Select,NULL,NULL,Batesville,1,1,dbo,tblclient,stg,ClientDemo,1 = 1,"Order by 1, 2",0,V6,BAT-1-30,NULL
BHG_DR,pats.tbl_ClientDemo1 + pats.tbl_ClientDemo2,CST,BG,1,30,1,SQL,2,SAMMS,Data Source=BHGDALLSQL05\SQL2016SAMMS;Connection Timeout=60;Integrated Security=True;Encrypt=False;Initial Catalog=SAMMS-BowlingGreen;,SAMMS-BowlingGreen,Select,NULL,NULL,Bowling Green,1,1,dbo,tblclient,stg,ClientDemo,1 = 1,"Order by 1, 2",0,V6,BG-1-30,NULL
BHG_DR,pats.tbl_ClientDemo1 + pats.tbl_ClientDemo2,MST,BOI,1,30,1,SQL,2,SAMMS,Data Source=BHGDALLSQL05\SQL2016SAMMS;Connection Timeout=60;Integrated Security=True;Encrypt=False;Initial Catalog=SAMMS-Boise;,SAMMS-Boise,Select,NULL,NULL,Boise,1,1,dbo,tblclient,stg,ClientDemo,1 = 1,"Order by 1, 2",0,V6,BOI-1-30,NULL
BHG_DR,pats.tbl_ClientDemo1 + pats.tbl_ClientDemo2,MST,CBCO,1,30,1,SQL,2,SAMMS,Data Source=BHGDALLSQL05\SQL2016SAMMS;Connection Timeout=60;Integrated Security=True;Encrypt=False;Initial Catalog=SAMMS-CoeurdAleneV6;,SAMMS-CoeurdAleneV6,Select,NULL,NULL,Coeur d'Alene,1,1,dbo,tblclient,stg,ClientDemo,1 = 1,"Order by 1, 2",0,V6,CBCO-1-30,NULL
BHG_DR,pats.tbl_ClientDemo1 + pats.tbl_ClientDemo2,CST,CON,1,30,1,SQL,2,SAMMS,Data Source=BHGDALLSQL05\SQL2016SAMMS;Connection Timeout=60;Integrated Security=True;Encrypt=False;Initial Catalog=SAMMS-Conway;,SAMMS-Conway,Select,NULL,NULL,Conway,1,1,dbo,tblclient,stg,ClientDemo,1 = 1,"Order by 1, 2",0,V6,CON-1-30,NULL
BHG_DR,pats.tbl_ClientDemo1 + pats.tbl_ClientDemo2,EST,D07,1,30,1,SQL,2,SAMMS,Data Source=BHGDALLSQL05\SQL2016SAMMS;Connection Timeout=60;Integrated Security=True;Encrypt=False;Initial Catalog=SAMMS-KnoxvilleV6;,SAMMS-KnoxvilleV6,Select,NULL,NULL,Medical Services Knox TN,1,1,dbo,tblclient,stg,ClientDemo,1 = 1,"Order by 1, 2",0,V6,D07-1-30,NULL
BHG_DR,pats.tbl_ClientDemo1 + pats.tbl_ClientDemo2,EST,D08,1,30,1,SQL,2,SAMMS,Data Source=BHGDALLSQL05\SQL2016SAMMS;Connection Timeout=60;Integrated Security=True;Encrypt=False;Initial Catalog=SAMMS-MadisonV6;,SAMMS-MadisonV6,Select,NULL,NULL,Madison,1,1,dbo,tblclient,stg,ClientDemo,1 = 1,"Order by 1, 2",0,V6,D08-1-30,NULL
BHG_DR,pats.tbl_ClientDemo1 + pats.tbl_ClientDemo2,EST,D09,1,30,1,SQL,2,SAMMS,Data Source=BHGDALLSQL05\SQL2016SAMMS;Connection Timeout=60;Integrated Security=True;Encrypt=False;Initial Catalog=SAMMS-MurfreesboroV6;,SAMMS-MurfreesboroV6,Select,NULL,NULL,Murfreesboro,1,1,dbo,tblclient,stg,ClientDemo,1 = 1,"Order by 1, 2",0,V6,D09-1-30,NULL
BHG_DR,pats.tbl_ClientDemo1 + pats.tbl_ClientDemo2,CST,DA,1,30,1,SQL,2,SAMMS,Data Source=BHGDALLSQL05\SQL2016SAMMS;Connection Timeout=60;Integrated Security=True;Encrypt=False;Initial Catalog=SAMMS-Davenport;,SAMMS-Davenport,Select,NULL,NULL,Davenport,1,1,dbo,tblclient,stg,ClientDemo,1 = 1,"Order by 1, 2",0,V6,DA-1-30,NULL
BHG_DR,pats.tbl_ClientDemo1 + pats.tbl_ClientDemo2,CST,DM,1,30,1,SQL,2,SAMMS,Data Source=BHGDALLSQL05\SQL2016SAMMS;Connection Timeout=60;Integrated Security=True;Encrypt=False;Initial Catalog=SAMMS-DesMoines;,SAMMS-DesMoines,Select,NULL,NULL,Des Moines,1,1,dbo,tblclient,stg,ClientDemo,1 = 1,"Order by 1, 2",0,V6,DM-1-30,NULL
BHG_DR,pats.tbl_ClientDemo1 + pats.tbl_ClientDemo2,CST,DRD-CO,1,30,1,SQL,2,SAMMS,Data Source=BHGDALLSQL05\SQL2016SAMMS;Connection Timeout=60;Integrated Security=True;Encrypt=False;Initial Catalog=SAMMS-ColumbiaV5;,SAMMS-ColumbiaV5,Select,NULL,NULL,Columbia MO,1,0,dbo,tblclient,stg,ClientDemo,1 = 1,"Order by 1, 2",0,V6,DRD-CO-1-30,NULL
BHG_DR,pats.tbl_ClientDemo1 + pats.tbl_ClientDemo2,CST,DRD-KC,1,30,1,SQL,2,SAMMS,Data Source=BHGDALLSQL05\SQL2016SAMMS;Connection Timeout=60;Integrated Security=True;Encrypt=False;Initial Catalog=SAMMS-KCv5;,SAMMS-KCv5,Select,NULL,NULL,KC,1,0,dbo,tblclient,stg,ClientDemo,1 = 1,"Order by 1, 2",0,V6,DRD-KC-1-30,NULL
BHG_DR,pats.tbl_ClientDemo1 + pats.tbl_ClientDemo2,EST,DRD-KVB,1,30,1,SQL,2,SAMMS,Data Source=BHGDALLSQL05\SQL2016SAMMS;Connection Timeout=60;Integrated Security=True;Encrypt=False;Initial Catalog=SAMMS-KVBv5;,SAMMS-KVBv5,Select,NULL,NULL,KVB,1,0,dbo,tblclient,stg,ClientDemo,1 = 1,"Order by 1, 2",0,V6,DRD-KVB-1-30,NULL
BHG_DR,pats.tbl_ClientDemo1 + pats.tbl_ClientDemo2,EST,DRD-KVC,1,30,1,SQL,2,SAMMS,Data Source=BHGDALLSQL05\SQL2016SAMMS;Connection Timeout=60;Integrated Security=True;Encrypt=False;Initial Catalog=SAMMS-KVCv5;,SAMMS-KVCv5,Select,NULL,NULL,KVC,1,0,dbo,tblclient,stg,ClientDemo,1 = 1,"Order by 1, 2",0,V6,DRD-KVC-1-30,NULL
BHG_DR,pats.tbl_ClientDemo1 + pats.tbl_ClientDemo2,CST,DRD-NOLA,1,30,1,SQL,2,SAMMS,Data Source=BHGDALLSQL05\SQL2016SAMMS;Connection Timeout=60;Integrated Security=True;Encrypt=False;Initial Catalog=SAMMS-NOLAv5;,SAMMS-NOLAv5,Select,1985-01-01,NULL,NOLA,1,1,dbo,tblclient,stg,ClientDemo,1 = 1,"Order by 1, 2",0,V6,DRD-NOLA-1-30,NULL
BHG_DR,pats.tbl_ClientDemo1 + pats.tbl_ClientDemo2,CST,DRD-SF,1,30,1,SQL,2,SAMMS,Data Source=BHGDALLSQL05\SQL2016SAMMS;Connection Timeout=60;Integrated Security=True;Encrypt=False;Initial Catalog=SAMMS-SFv5;,SAMMS-SFv5,Select,NULL,NULL,Springfield,1,0,dbo,tblclient,stg,ClientDemo,1 = 1,"Order by 1, 2",0,V6,DRD-SF-1-30,NULL
BHG_DR,pats.tbl_ClientDemo1 + pats.tbl_ClientDemo2,EST,ELC,1,30,1,SQL,2,SAMMS,Data Source=BHGDALLSQL05\SQL2016SAMMS;Connection Timeout=60;Integrated Security=True;Encrypt=False;Initial Catalog=SAMMS-ElizabethCity ;,"SAMMS-ElizabethCity ",Select,NULL,NULL,Elizabeth City,1,1,dbo,tblclient,stg,ClientDemo,1 = 1,"Order by 1, 2",0,V6,ELC-1-30,NULL
BHG_DR,pats.tbl_ClientDemo1 + pats.tbl_ClientDemo2,CST,ET,1,30,1,SQL,2,SAMMS,Data Source=BHGDALLSQL05\SQL2016SAMMS;Connection Timeout=60;Integrated Security=True;Encrypt=False;Initial Catalog=SAMMS-Elizabethtown;,SAMMS-Elizabethtown,Select,NULL,NULL,Elizabethtown,1,1,dbo,tblclient,stg,ClientDemo,1 = 1,"Order by 1, 2",0,V6,ET-1-30,NULL
BHG_DR,pats.tbl_ClientDemo1 + pats.tbl_ClientDemo2,CST,FAY,1,30,1,SQL,2,SAMMS,Data Source=BHGDALLSQL05\SQL2016SAMMS;Connection Timeout=60;Integrated Security=True;Encrypt=False;Initial Catalog=SAMMS-Fayetteville;,SAMMS-Fayetteville,Select,2019-08-15,NULL,Fayetteville,1,1,dbo,tblclient,stg,ClientDemo,1 = 1,"Order by 1, 2",0,V6,FAY-1-30,NULL
BHG_DR,pats.tbl_ClientDemo1 + pats.tbl_ClientDemo2,CST,FR,1,30,1,SQL,2,SAMMS,Data Source=BHGDALLSQL05\SQL2016SAMMS;Connection Timeout=60;Integrated Security=True;Encrypt=False;Initial Catalog=SAMMS-Frankfort;,SAMMS-Frankfort,Select,NULL,NULL,Frankfort,1,1,dbo,tblclient,stg,ClientDemo,1 = 1,"Order by 1, 2",0,V6,FR-1-30,NULL
BHG_DR,pats.tbl_ClientDemo1 + pats.tbl_ClientDemo2,CST,FS,1,30,1,SQL,2,SAMMS,Data Source=BHGDALLSQL05\SQL2016SAMMS;Connection Timeout=60;Integrated Security=True;Encrypt=False;Initial Catalog=SAMMS-FortSmith;,SAMMS-FortSmith,Select,2019-08-15,NULL,Fort Smith,1,1,dbo,tblclient,stg,ClientDemo,1 = 1,"Order by 1, 2",0,V6,FS-1-30,NULL
BHG_DR,pats.tbl_ClientDemo1 + pats.tbl_ClientDemo2,EST,FW,1,30,1,SQL,2,SAMMS,Data Source=BHGDALLSQL05\SQL2016SAMMS;Connection Timeout=60;Integrated Security=True;Encrypt=False;Initial Catalog=SAMMS-FortWayne;,SAMMS-FortWayne,Select,NULL,NULL,Fort Wayne,1,1,dbo,tblclient,stg,ClientDemo,1 = 1,"Order by 1, 2",0,V6,FW-1-30,NULL
BHG_DR,pats.tbl_ClientDemo1 + pats.tbl_ClientDemo2,EST,GAL,1,30,1,SQL,2,SAMMS,Data Source=BHGDALLSQL05\SQL2016SAMMS;Connection Timeout=60;Integrated Security=True;Encrypt=False;Initial Catalog=SAMMS-Gaylord ;,"SAMMS-Gaylord ",Select,NULL,NULL,Gaylord,1,1,dbo,tblclient,stg,ClientDemo,1 = 1,"Order by 1, 2",0,V6,GAL-1-30,NULL
BHG_DR,pats.tbl_ClientDemo1 + pats.tbl_ClientDemo2,EST,GRC,1,30,1,SQL,2,SAMMS,Data Source=BHGDALLSQL05\SQL2016SAMMS;Connection Timeout=60;Integrated Security=True;Encrypt=False;Initial Catalog=SAMMS-GreenfieldV5;,SAMMS-GreenfieldV5,Select,2018-12-05,NULL,Greenfield,0,0,dbo,tblclient,stg,ClientDemo,1 = 1,"Order by 1, 2",0,V6,GRC-1-30,NULL
BHG_DR,pats.tbl_ClientDemo1 + pats.tbl_ClientDemo2,EST,HGT,1,30,1,SQL,2,SAMMS,Data Source=BHGDALLSQL05\SQL2016SAMMS;Connection Timeout=60;Integrated Security=True;Encrypt=False;Initial Catalog=SAMMS-Hagerstown;,SAMMS-Hagerstown,Select,NULL,NULL,Hagerstown,1,0,dbo,tblclient,stg,ClientDemo,1 = 1,"Order by 1, 2",0,V6,HGT-1-30,NULL
BHG_DR,pats.tbl_ClientDemo1 + pats.tbl_ClientDemo2,CST,HNT,1,30,1,SQL,2,SAMMS,Data Source=BHGDALLSQL05\SQL2016SAMMS;Connection Timeout=60;Integrated Security=True;Encrypt=False;Initial Catalog=SAMMS-Huntsville;,SAMMS-Huntsville,Select,NULL,NULL,Huntsville,1,1,dbo,tblclient,stg,ClientDemo,1 = 1,"Order by 1, 2",0,V6,HNT-1-30,NULL
BHG_DR,pats.tbl_ClientDemo1 + pats.tbl_ClientDemo2,CST,HS,1,30,1,SQL,2,SAMMS,Data Source=BHGDALLSQL05\SQL2016SAMMS;Connection Timeout=60;Integrated Security=True;Encrypt=False;Initial Catalog=SAMMS-HotSprings;,SAMMS-HotSprings,Select,2019-08-15,NULL,Hot Springs,1,1,dbo,tblclient,stg,ClientDemo,1 = 1,"Order by 1, 2",0,V6,HS-1-30,NULL
BHG_DR,pats.tbl_ClientDemo1 + pats.tbl_ClientDemo2,CST,JON,1,30,1,SQL,2,SAMMS,Data Source=BHGDALLSQL05\SQL2016SAMMS;Connection Timeout=60;Integrated Security=True;Encrypt=False;Initial Catalog=SAMMS-Jonesboro;,SAMMS-Jonesboro,Select,NULL,NULL,Jonesboro,1,1,dbo,tblclient,stg,ClientDemo,1 = 1,"Order by 1, 2",0,V6,JON-1-30,NULL
BHG_DR,pats.tbl_ClientDemo1 + pats.tbl_ClientDemo2,EST,Lab,1,30,1,SQL,2,SAMMS,Data Source=BHGDALLSQL05\SQL2016SAMMS;Connection Timeout=60;Integrated Security=True;Encrypt=False;Initial Catalog=SAMMS-LabV5-V2;,SAMMS-LabV5-V2,Select,NULL,NULL,Reference Lab,1,0,dbo,tblclient,stg,ClientDemo,1 = 1,"Order by 1, 2",0,V6,Lab-1-30,NULL
BHG_DR,pats.tbl_ClientDemo1 + pats.tbl_ClientDemo2,EST,LAN,1,30,1,SQL,2,SAMMS,Data Source=BHGDALLSQL05\SQL2016SAMMS;Connection Timeout=60;Integrated Security=True;Encrypt=False;Initial Catalog=SAMMS-Lansing ;,"SAMMS-Lansing ",Select,NULL,NULL,Lansing,1,1,dbo,tblclient,stg,ClientDemo,1 = 1,"Order by 1, 2",0,V6,LAN-1-30,NULL
BHG_DR,pats.tbl_ClientDemo1 + pats.tbl_ClientDemo2,CST,LO,1,30,1,SQL,2,SAMMS,Data Source=BHGDALLSQL05\SQL2016SAMMS;Connection Timeout=60;Integrated Security=True;Encrypt=False;Initial Catalog=SAMMS-Louisville;,SAMMS-Louisville,Select,NULL,NULL,Louisville,1,1,dbo,tblclient,stg,ClientDemo,1 = 1,"Order by 1, 2",0,V6,LO-1-30,NULL
BHG_DR,pats.tbl_ClientDemo1 + pats.tbl_ClientDemo2,PST,LV1,1,30,1,SQL,2,SAMMS,Data Source=BHGDALLSQL05\SQL2016SAMMS;Connection Timeout=60;Integrated Security=True;Encrypt=False;Initial Catalog=SAMMS-Cheyenne;,SAMMS-Cheyenne,Select,NULL,NULL,Cheyenne,1,1,dbo,tblclient,stg,ClientDemo,1 = 1,"Order by 1, 2",0,V6,LV1-1-30,NULL
BHG_DR,pats.tbl_ClientDemo1 + pats.tbl_ClientDemo2,PST,LV2,1,30,1,SQL,2,SAMMS,Data Source=BHGDALLSQL05\SQL2016SAMMS;Connection Timeout=60;Integrated Security=True;Encrypt=False;Initial Catalog=SAMMS-DesertInn;,SAMMS-DesertInn,Select,NULL,NULL,Desert Inn,1,1,dbo,tblclient,stg,ClientDemo,1 = 1,"Order by 1, 2",0,V6,LV2-1-30,NULL
BHG_DR,pats.tbl_ClientDemo1 + pats.tbl_ClientDemo2,PST,LV3,1,30,1,SQL,2,SAMMS,Data Source=BHGDALLSQL05\SQL2016SAMMS;Connection Timeout=60;Integrated Security=True;Encrypt=False;Initial Catalog=SAMMS-McDaniel;,SAMMS-McDaniel,Select,NULL,NULL,McDaniel,1,1,dbo,tblclient,stg,ClientDemo,1 = 1,"Order by 1, 2",0,V6,LV3-1-30,NULL
BHG_DR,pats.tbl_ClientDemo1 + pats.tbl_ClientDemo2,CST,MNRE,1,30,1,SQL,2,SAMMS,Data Source=BHGDALLSQL05\SQL2016SAMMS;Connection Timeout=60;Integrated Security=True;Encrypt=False;Initial Catalog=SAMMS-Monroe;,SAMMS-Monroe,Select,NULL,NULL,Monroe,1,1,dbo,tblclient,stg,ClientDemo,1 = 1,"Order by 1, 2",0,V6,MNRE-1-30,NULL
BHG_DR,pats.tbl_ClientDemo1 + pats.tbl_ClientDemo2,EST,MP,1,30,1,SQL,2,SAMMS,Data Source=BHGDALLSQL05\SQL2016SAMMS;Connection Timeout=60;Integrated Security=True;Encrypt=False;Initial Catalog=SAMMS-MtPleasant ;,"SAMMS-MtPleasant ",Select,NULL,NULL,Mt. Pleasant,1,1,dbo,tblclient,stg,ClientDemo,1 = 1,"Order by 1, 2",0,V6,MP-1-30,NULL
BHG_DR,pats.tbl_ClientDemo1 + pats.tbl_ClientDemo2,MST,MRD,1,30,1,SQL,2,SAMMS,Data Source=BHGDALLSQL05\SQL2016SAMMS;Connection Timeout=60;Integrated Security=True;Encrypt=False;Initial Catalog=SAMMS-Meridian;,SAMMS-Meridian,Select,NULL,NULL,Meridian,1,1,dbo,tblclient,stg,ClientDemo,1 = 1,"Order by 1, 2",0,V6,MRD-1-30,NULL
BHG_DR,pats.tbl_ClientDemo1 + pats.tbl_ClientDemo2,EST,NC,1,30,1,SQL,2,SAMMS,Data Source=BHGDALLSQL05\SQL2016SAMMS;Connection Timeout=60;Integrated Security=True;Encrypt=False;Initial Catalog=SAMMS-NorthCharleston;,SAMMS-NorthCharleston,Select,NULL,NULL,North Charleston,1,1,dbo,tblclient,stg,ClientDemo,1 = 1,"Order by 1, 2",0,V6,NC-1-30,NULL
BHG_DR,pats.tbl_ClientDemo1 + pats.tbl_ClientDemo2,CST,NLR,1,30,1,SQL,2,SAMMS,Data Source=BHGDALLSQL05\SQL2016SAMMS;Connection Timeout=60;Integrated Security=True;Encrypt=False;Initial Catalog=SAMMS-NLROBOT;,SAMMS-NLROBOT,Select,2019-08-15,NULL,N. Little Rock,1,1,dbo,tblclient,stg,ClientDemo,1 = 1,"Order by 1, 2",0,V6,NLR-1-30,NULL
BHG_DR,pats.tbl_ClientDemo1 + pats.tbl_ClientDemo2,MST,PH,1,30,1,SQL,2,SAMMS,Data Source=BHGDALLSQL05\SQL2016SAMMS;Connection Timeout=60;Integrated Security=True;Encrypt=False;Initial Catalog=SAMMS-Phoenix;,SAMMS-Phoenix,Select,NULL,NULL,Phoenix,1,1,dbo,tblclient,stg,ClientDemo,1 = 1,"Order by 1, 2",0,V6,PH-1-30,NULL
BHG_DR,pats.tbl_ClientDemo1 + pats.tbl_ClientDemo2,PST,RE,1,30,1,SQL,2,SAMMS,Data Source=BHGDALLSQL05\SQL2016SAMMS;Connection Timeout=60;Integrated Security=True;Encrypt=False;Initial Catalog=SAMMS-Reno;,SAMMS-Reno,Select,NULL,NULL,Reno,1,1,dbo,tblclient,stg,ClientDemo,1 = 1,"Order by 1, 2",0,V6,RE-1-30,NULL
BHG_DR,pats.tbl_ClientDemo1 + pats.tbl_ClientDemo2,CST,RMD,1,30,1,SQL,2,SAMMS,Data Source=BHGDALLSQL05\SQL2016SAMMS;Connection Timeout=60;Integrated Security=True;Encrypt=False;Initial Catalog=SAMMS-Richmond;,SAMMS-Richmond,Select,NULL,NULL,Richmond,1,1,dbo,tblclient,stg,ClientDemo,1 = 1,"Order by 1, 2",0,V6,RMD-1-30,NULL
BHG_DR,pats.tbl_ClientDemo1 + pats.tbl_ClientDemo2,CST,SFN,1,30,1,SQL,2,SAMMS,Data Source=BHGDALLSQL05\SQL2016SAMMS;Connection Timeout=60;Integrated Security=True;Encrypt=False;Initial Catalog=SAMMS-SFNv5;,SAMMS-SFNv5,Select,NULL,NULL,Springfield North,1,0,dbo,tblclient,stg,ClientDemo,1 = 1,"Order by 1, 2",0,V6,SFN-1-30,NULL
BHG_DR,pats.tbl_ClientDemo1 + pats.tbl_ClientDemo2,CST,SHP,1,30,1,SQL,2,SAMMS,Data Source=BHGDALLSQL05\SQL2016SAMMS;Connection Timeout=60;Integrated Security=True;Encrypt=False;Initial Catalog=SAMMS-Shreveport;,SAMMS-Shreveport,Select,NULL,NULL,Shreveport,1,1,dbo,tblclient,stg,ClientDemo,1 = 1,"Order by 1, 2",0,V6,SHP-1-30,NULL
BHG_DR,pats.tbl_ClientDemo1 + pats.tbl_ClientDemo2,EST,STN,1,30,1,SQL,2,SAMMS,Data Source=BHGDALLSQL05\SQL2016SAMMS;Connection Timeout=60;Integrated Security=True;Encrypt=False;Initial Catalog=SAMMS-Staunton;,SAMMS-Staunton,Select,NULL,NULL,Staunton,1,1,dbo,tblclient,stg,ClientDemo,1 = 1,"Order by 1, 2",0,V6,STN-1-30,NULL
BHG_DR,pats.tbl_ClientDemo1 + pats.tbl_ClientDemo2,CST,STVN,1,30,1,SQL,2,SAMMS,Data Source=BHGDALLSQL05\SQL2016SAMMS;Connection Timeout=60;Integrated Security=True;Encrypt=False;Initial Catalog=SAMMS-Stevenson;,SAMMS-Stevenson,Select,NULL,NULL,Stevenson,1,1,dbo,tblclient,stg,ClientDemo,1 = 1,"Order by 1, 2",0,V6,STVN-1-30,NULL
BHG_DR,pats.tbl_ClientDemo1 + pats.tbl_ClientDemo2,MST,TE,1,30,1,SQL,2,SAMMS,Data Source=BHGDALLSQL05\SQL2016SAMMS;Connection Timeout=60;Integrated Security=True;Encrypt=False;Initial Catalog=SAMMS-Tempe;,SAMMS-Tempe,Select,NULL,NULL,Tempe,1,1,dbo,tblclient,stg,ClientDemo,1 = 1,"Order by 1, 2",0,V6,TE-1-30,NULL
BHG_DR,pats.tbl_ClientDemo1 + pats.tbl_ClientDemo2,CST,TEX,1,30,1,SQL,2,SAMMS,Data Source=BHGDALLSQL05\SQL2016SAMMS;Connection Timeout=60;Integrated Security=True;Encrypt=False;Initial Catalog=SAMMS-Texarkana;,SAMMS-Texarkana,Select,NULL,NULL,Texarkana,1,1,dbo,tblclient,stg,ClientDemo,1 = 1,"Order by 1, 2",0,V6,TEX-1-30,NULL
BHG_DR,pats.tbl_ClientDemo1 + pats.tbl_ClientDemo2,CST,TTCA,1,30,1,SQL,2,SAMMS,Data Source=BHGDALLSQL05\SQL2016SAMMS;Connection Timeout=60;Integrated Security=True;Encrypt=False;Initial Catalog=SAMMS-BessemerV5;,SAMMS-BessemerV5,Select,2018-09-24,NULL,Bessemer,1,0,dbo,tblclient,stg,ClientDemo,1 = 1,"Order by 1, 2",0,V6,TTCA-1-30,NULL
BHG_DR,pats.tbl_ClientDemo1 + pats.tbl_ClientDemo2,CST,TTCB,1,30,1,SQL,2,SAMMS,Data Source=BHGDALLSQL05\SQL2016SAMMS;Connection Timeout=60;Integrated Security=True;Encrypt=False;Initial Catalog=SAMMS-CullmanV5;,SAMMS-CullmanV5,Select,2019-02-26,NULL,Cullman,1,0,dbo,tblclient,stg,ClientDemo,1 = 1,"Order by 1, 2",0,V6,TTCB-1-30,NULL
BHG_DR,pats.tbl_ClientDemo1 + pats.tbl_ClientDemo2,CST,TTCC,1,30,1,SQL,2,SAMMS,Data Source=BHGDALLSQL05\SQL2016SAMMS;Connection Timeout=60;Integrated Security=True;Encrypt=False;Initial Catalog=SAMMS-GrandBay;,SAMMS-GrandBay,Select,2019-12-31,NULL,Grand Bay,1,1,dbo,tblclient,stg,ClientDemo,1 = 1,"Order by 1, 2",0,V6,TTCC-1-30,NULL
BHG_DR,pats.tbl_ClientDemo1 + pats.tbl_ClientDemo2,MST,TU,1,30,1,SQL,2,SAMMS,Data Source=BHGDALLSQL05\SQL2016SAMMS;Connection Timeout=60;Integrated Security=True;Encrypt=False;Initial Catalog=SAMMS-Tucson;,SAMMS-Tucson,Select,NULL,NULL,Tucson,1,1,dbo,tblclient,stg,ClientDemo,1 = 1,"Order by 1, 2",0,V6,TU-1-30,NULL
BHG_DR,pats.tbl_ClientDemo1 + pats.tbl_ClientDemo2,EST,V1,1,30,1,SQL,2,SAMMS,Data Source=BHGDALLSQL05\SQL2016SAMMS;Connection Timeout=60;Integrated Security=True;Encrypt=False;Initial Catalog=SAMMS-VCPHCS-I-MemphisV5;,SAMMS-VCPHCS-I-MemphisV5,Select,NULL,NULL,Memphis South,1,0,dbo,tblclient,stg,ClientDemo,1 = 1,"Order by 1, 2",0,V6,V1-1-30,NULL
BHG_DR,pats.tbl_ClientDemo1 + pats.tbl_ClientDemo2,MST,V10,1,30,1,SQL,2,SAMMS,Data Source=BHGDALLSQL05\SQL2016SAMMS;Connection Timeout=60;Integrated Security=True;Encrypt=False;Initial Catalog=SAMMS-BoulderV5;,SAMMS-BoulderV5,Select,NULL,NULL,Longmont,1,1,dbo,tblclient,stg,ClientDemo,1 = 1,"Order by 1, 2",0,V6,V10-1-30,NULL
BHG_DR,pats.tbl_ClientDemo1 + pats.tbl_ClientDemo2,MST,V10A,1,30,1,SQL,2,SAMMS,Data Source=BHGDALLSQL05\SQL2016SAMMS;Connection Timeout=60;Integrated Security=True;Encrypt=False;Initial Catalog=SAMMS-FortCollinsV5;,SAMMS-FortCollinsV5,Select,NULL,NULL,Fort Collins,1,1,dbo,tblclient,stg,ClientDemo,1 = 1,"Order by 1, 2",0,V6,V10A-1-30,NULL
BHG_DR,pats.tbl_ClientDemo1 + pats.tbl_ClientDemo2,MST,V11,1,30,1,SQL,2,SAMMS,Data Source=BHGDALLSQL05\SQL2016SAMMS;Connection Timeout=60;Integrated Security=True;Encrypt=False;Initial Catalog=SAMMS-VCPHCS-XI-NorthDenverV5;,SAMMS-VCPHCS-XI-NorthDenverV5,Select,NULL,NULL,Westminster,1,1,dbo,tblclient,stg,ClientDemo,1 = 1,"Order by 1, 2",0,V6,V11-1-30,NULL
BHG_DR,pats.tbl_ClientDemo1 + pats.tbl_ClientDemo2,MST,V12,1,30,1,SQL,2,SAMMS,Data Source=BHGDALLSQL05\SQL2016SAMMS;Connection Timeout=60;Integrated Security=True;Encrypt=False;Initial Catalog=SAMMS-VCPHCS-XII-DowntownDenverV5;,SAMMS-VCPHCS-XII-DowntownDenverV5,Select,NULL,NULL,Downtown Denver,1,1,dbo,tblclient,stg,ClientDemo,1 = 1,"Order by 1, 2",0,V6,V12-1-30,NULL
BHG_DR,pats.tbl_ClientDemo1 + pats.tbl_ClientDemo2,MST,V12A,1,30,1,SQL,2,SAMMS,Data Source=BHGDALLSQL05\SQL2016SAMMS;Connection Timeout=60;Integrated Security=True;Encrypt=False;Initial Catalog=SAMMS-CentennialV5;,SAMMS-CentennialV5,Select,NULL,NULL,Centennial,1,1,dbo,tblclient,stg,ClientDemo,1 = 1,"Order by 1, 2",0,V6,V12A-1-30,NULL
BHG_DR,pats.tbl_ClientDemo1 + pats.tbl_ClientDemo2,CST,V14,1,30,1,SQL,2,SAMMS,Data Source=BHGDALLSQL05\SQL2016SAMMS;Connection Timeout=60;Integrated Security=True;Encrypt=False;Initial Catalog=SAMMS-VCPHCS-XIV-BridgewayV5;,SAMMS-VCPHCS-XIV-BridgewayV5,Select,NULL,NULL,Overland Park,1,0,dbo,tblclient,stg,ClientDemo,1 = 1,"Order by 1, 2",0,V6,V14-1-30,NULL
BHG_DR,pats.tbl_ClientDemo1 + pats.tbl_ClientDemo2,CST,V15,1,30,1,SQL,2,SAMMS,Data Source=BHGDALLSQL05\SQL2016SAMMS;Connection Timeout=60;Integrated Security=True;Encrypt=False;Initial Catalog=SAMMS-JoplinV5;,SAMMS-JoplinV5,Select,NULL,NULL,Joplin,1,0,dbo,tblclient,stg,ClientDemo,1 = 1,"Order by 1, 2",0,V6,V15-1-30,NULL
BHG_DR,pats.tbl_ClientDemo1 + pats.tbl_ClientDemo2,EST,V17,1,30,1,SQL,2,SAMMS,Data Source=BHGDALLSQL05\SQL2016SAMMS;Connection Timeout=60;Integrated Security=True;Encrypt=False;Initial Catalog=SAMMS-ColumbiaTNv5;,SAMMS-ColumbiaTNv5,Select,NULL,NULL,Columbia TN,1,0,dbo,tblclient,stg,ClientDemo,1 = 1,"Order by 1, 2",0,V6,V17-1-30,NULL
BHG_DR,pats.tbl_ClientDemo1 + pats.tbl_ClientDemo2,EST,V19,1,30,1,SQL,2,SAMMS,Data Source=BHGDALLSQL05\SQL2016SAMMS;Connection Timeout=60;Integrated Security=True;Encrypt=False;Initial Catalog=SAMMS-JacksonV5;,SAMMS-JacksonV5,Select,NULL,NULL,Jackson,1,0,dbo,tblclient,stg,ClientDemo,1 = 1,"Order by 1, 2",0,V6,V19-1-30,NULL
BHG_DR,pats.tbl_ClientDemo1 + pats.tbl_ClientDemo2,EST,V20,1,30,1,SQL,2,SAMMS,Data Source=BHGDALLSQL05\SQL2016SAMMS;Connection Timeout=60;Integrated Security=True;Encrypt=False;Initial Catalog=SAMMS-ParisV5;,SAMMS-ParisV5,Select,NULL,NULL,Paris,1,0,dbo,tblclient,stg,ClientDemo,1 = 1,"Order by 1, 2",0,V6,V20-1-30,NULL
BHG_DR,pats.tbl_ClientDemo1 + pats.tbl_ClientDemo2,EST,V21,1,30,1,SQL,2,SAMMS,Data Source=BHGDALLSQL05\SQL2016SAMMS;Connection Timeout=60;Integrated Security=True;Encrypt=False;Initial Catalog=SAMMS-RaleighV5;,SAMMS-RaleighV5,Select,NULL,NULL,Memphis North,1,0,dbo,tblclient,stg,ClientDemo,1 = 1,"Order by 1, 2",0,V6,V21-1-30,NULL
BHG_DR,pats.tbl_ClientDemo1 + pats.tbl_ClientDemo2,CST,V5,1,30,1,SQL,2,SAMMS,Data Source=BHGDALLSQL05\SQL2016SAMMS;Connection Timeout=60;Integrated Security=True;Encrypt=False;Initial Catalog=SAMMS-NONTCv5;,SAMMS-NONTCv5,Select,NULL,NULL,West Bank,1,1,dbo,tblclient,stg,ClientDemo,1 = 1,"Order by 1, 2",0,V6,V5-1-30,NULL
BHG_DR,pats.tbl_ClientDemo1 + pats.tbl_ClientDemo2,CST,V5B,1,30,1,SQL,2,SAMMS,Data Source=BHGDALLSQL05\SQL2016SAMMS;Connection Timeout=60;Integrated Security=True;Encrypt=False;Initial Catalog=SAMMS-HoumaV6;,SAMMS-HoumaV6,Select,NULL,NULL,Houma,1,0,dbo,tblclient,stg,ClientDemo,1 = 1,"Order by 1, 2",0,v6,V5B-1-30,NULL
BHG_DR,pats.tbl_ClientDemo1 + pats.tbl_ClientDemo2,CST,V6,1,30,1,SQL,2,SAMMS,Data Source=BHGDALLSQL05\SQL2016SAMMS;Connection Timeout=60;Integrated Security=True;Encrypt=False;Initial Catalog=SAMMS-LCv5;,SAMMS-LCv5,Select,NULL,NULL,Lake Charles,1,1,dbo,tblclient,stg,ClientDemo,1 = 1,"Order by 1, 2",0,V6,V6-1-30,NULL
BHG_DR,pats.tbl_ClientDemo1 + pats.tbl_ClientDemo2,EST,V8,1,30,1,SQL,2,SAMMS,Data Source=BHGDALLSQL05\SQL2016SAMMS;Connection Timeout=60;Integrated Security=True;Encrypt=False;Initial Catalog=SAMMS-VCPHCS-VIII-MemphisV5;,SAMMS-VCPHCS-VIII-MemphisV5,Select,NULL,NULL,Memphis Midtown,1,0,dbo,tblclient,stg,ClientDemo,1 = 1,"Order by 1, 2",0,V6,V8-1-30,NULL
BHG_DR,pats.tbl_ClientDemo1 + pats.tbl_ClientDemo2,EST,V9,1,30,1,SQL,2,SAMMS,Data Source=BHGDALLSQL05\SQL2016SAMMS;Connection Timeout=60;Integrated Security=True;Encrypt=False;Initial Catalog=SAMMS-NashvilleV5;,SAMMS-NashvilleV5,Select,NULL,NULL,Nashville,1,0,dbo,tblclient,stg,ClientDemo,1 = 1,"Order by 1, 2",0,V6,V9-1-30,NULL
BHG_DR,pats.tbl_ClientDemo1 + pats.tbl_ClientDemo2,CST,VBRA,1,30,1,SQL,2,SAMMS,Data Source=BHGDALLSQL05\SQL2016SAMMS;Connection Timeout=60;Integrated Security=True;Encrypt=False;Initial Catalog=SAMMS-BrainerdV6;,SAMMS-BrainerdV6,Select,2021-11-01,NULL,Brainerd,1,1,dbo,tblclient,stg,ClientDemo,1 = 1,"Order by 1, 2",0,V6,VBRA-1-30,NULL
BHG_DR,pats.tbl_ClientDemo1 + pats.tbl_ClientDemo2,CST,VBRP,1,30,1,SQL,2,SAMMS,Data Source=BHGDALLSQL05\SQL2016SAMMS;Connection Timeout=60;Integrated Security=True;Encrypt=False;Initial Catalog=SAMMS-BrooklynParkV6;,SAMMS-BrooklynParkV6,Select,2021-11-01,NULL,Brooklyn Park,1,1,dbo,tblclient,stg,ClientDemo,1 = 1,"Order by 1, 2",0,V6,VBRP-1-30,NULL
BHG_DR,pats.tbl_ClientDemo1 + pats.tbl_ClientDemo2,CST,VMIN,1,30,1,SQL,2,SAMMS,Data Source=BHGDALLSQL05\SQL2016SAMMS;Connection Timeout=60;Integrated Security=True;Encrypt=False;Initial Catalog=SAMMS-MinneapolisV6;,SAMMS-MinneapolisV6,Select,2021-11-01,NULL,Minneapolis,1,1,dbo,tblclient,stg,ClientDemo,1 = 1,"Order by 1, 2",0,V6,VMIN-1-30,NULL
BHG_DR,pats.tbl_ClientDemo1 + pats.tbl_ClientDemo2,CST,VWBY,1,30,1,SQL,2,SAMMS,Data Source=BHGDALLSQL05\SQL2016SAMMS;Connection Timeout=60;Integrated Security=True;Encrypt=False;Initial Catalog=SAMMS-WoodburyV6;,SAMMS-WoodburyV6,Select,2021-11-01,NULL,Woodbury,1,1,dbo,tblclient,stg,ClientDemo,1 = 1,"Order by 1, 2",0,V6,VWBY-1-30,NULL
BHG_DR,pats.tbl_ClientDemo1 + pats.tbl_ClientDemo2,EST,WIL,1,30,1,SQL,2,SAMMS,Data Source=BHGDALLSQL05\SQL2016SAMMS;Connection Timeout=60;Integrated Security=True;Encrypt=False;Initial Catalog=SAMMS-Wilson;,SAMMS-Wilson,Select,NULL,NULL,Wilson,1,1,dbo,tblclient,stg,ClientDemo,1 = 1,"Order by 1, 2",0,V6,WIL-1-30,NULL
